gu,name,desc,directions,img,lat,lon,gu_en,name_en,gu_zh-CN,name_zh-CN,gu_ja,name_ja,gu_es,name_es,gu_ar,name_ar,gu_ru,name_ru,themes,duration_hours,cost_rank,indoor,night_ok,best_time,styles,situations,journeys
종로구,경복궁,"1395년 태조 때 창건된 조선의 법궁으로, 근정전·경회루·향원정 등 조선 궁궐 건축의 핵심을 한자리에서 볼 수 있다. 광화문과 궁궐의 중심축을 따라 걸으면 왕실의 공간 구성을 이해하기 좋고, 수문장 교대의식 등 전통행사와 함께 관람하기에도 좋다.",3호선 경복궁역 5번 출구로 나와 약 3~5분 걸으면 광화문·흥례문 방면 입구에 도착한다. 5호선 광화문역에서도 광화문광장을 지나 도보로 접근할 수 있다.,https://upload.wikimedia.org/wikipedia/commons/5/5b/Gyeongbokgung_Mar_2025_100.jpg,37.577613288258206,126.97689786832184,Jongno-gu,Gyeongbokgung Palace,钟路区,景福宫,鍾路区,景福宮,Jongno-gu,Palacio Gyeongbokgung,جونغنو غو,قصر جيونجبوكجيونج,Чонно-гу,Дворец Кёнбоккун,traditional|photo,2.5,1,False,False,morning,solo|couple|friends|family,,royal_seoul
종로구,창덕궁,"자연 지형과 건축을 조화롭게 배치한 조선 궁궐로, 1997년 유네스코 세계유산에 등재되었다. 인정전과 낙선재도 볼거리지만 특히 후원은 연못·정자·숲이 어우러진 궁중 정원의 백미로 꼽히며, 후원 관람은 별도 운영 방식과 시간을 확인하는 것이 좋다.",3호선 안국역 3번 출구에서 율곡로를 따라 동쪽으로 약 5분 걸으면 돈화문이 나온다. 후원 관람이 목적이라면 입장 시간보다 여유 있게 도착하는 편이 좋다.,https://upload.wikimedia.org/wikipedia/commons/d/d4/%EC%B0%BD%EB%8D%95%EA%B6%81_%EC%A0%84%EA%B2%BD_(2012).jpg,37.57964694739535,126.99099980677128,Jongno-gu,Changdeokgung Palace,钟路区,昌德宫,鍾路区,昌徳宮,Jongno-gu,Palacio Changdeokgung,جونغنو غو,قصر تشانغديوكجيونج,Чонно-гу,Дворец Чхандоккун,traditional|nature|photo,3.0,1,False,False,morning,solo|couple|friends|family,hot,royal_seoul|slow_seoul
종로구,북촌한옥마을,"경복궁과 창덕궁 사이에 자리한 전통 한옥 주거지역으로, 골목을 따라 서울의 옛 주거 풍경과 북악산 일대의 경관을 함께 볼 수 있다. 실제 주민이 생활하는 동네이므로 큰 소리·사유지 출입·야간 소음은 피하고, 지정된 관람 동선과 안내를 따르는 것이 중요하다.",3호선 안국역 2번 출구에서 북쪽으로 약 10분 걸으면 북촌문화센터·가회동 골목권에 들어선다. 마을이 넓으므로 한옥 밀집 구간과 전망 지점을 지도에서 먼저 정하고 걷는 것이 편하다.,https://upload.wikimedia.org/wikipedia/commons/a/a4/Bukchon_Hanok_Village_%EB%B6%81%EC%B4%8C_%ED%95%9C%EC%98%A5%EB%A7%88%EC%9D%84_October_1_2020_15.jpg,37.58176815383344,126.98481245064092,Jongno-gu,Bukchon Hanok Village,钟路区,北村韩屋村,鍾路区,北村韓屋村,Jongno-gu,Aldea Hanok de Bukchon,جونغنو غو,قرية بوكتشون هانوك,Чонно-гу,Деревня Букчон Ханок,traditional|trendy|photo,2.0,0,False,False,morning,solo|couple|friends,,royal_seoul|alley_temperature
종로구,인사동 쌈지길,"인사동 중심에 있는 복합문화공간으로, 층층이 이어지는 완만한 나선형 보행로를 따라 공예품·디자인 소품·먹거리 가게를 둘러볼 수 있다. 전통문화 거리인 인사동의 분위기와 현대적인 상업·전시 공간을 짧은 동선에서 함께 즐기기 좋은 곳이다.",3호선 안국역 6번 출구에서 인사동길로 들어가 약 5분 걷는다. 쌈지길은 인사동 메인거리 중간에 있어 조계사·종각 방향에서도 도보 접근이 쉽다.,https://upload.wikimedia.org/wikipedia/commons/f/f0/Seoul-Insadong-Ssamzie_Market-01.jpg,37.5743520602942,126.984731319433,Jongno-gu,Insadong Ssamziegil,钟路区,仁寺洞三吉街,鍾路区,仁寺洞サムジギル,Jongno-gu,Insadong Ssamziegil,جونغنو غو,انسادونج سامزيجيل,Чонно-гу,Инсадонг Ссамзигил,traditional|trendy|shopping|photo,1.5,0,True,False,anytime,solo|couple|friends,rainy|indoor|hot,royal_seoul|seoul_now
종로구,광화문광장,"세종대로 한가운데 조성된 서울의 대표 공공광장으로, 세종대왕상과 이순신장군상, 광화문과 경복궁이 한 축으로 이어지는 도시 경관이 인상적이다. 계절별 행사와 전시가 자주 열리고, 광화문 월대와 궁궐권을 연계해 걸으면 서울 도심의 역사성을 느끼기 좋다.",5호선 광화문역 9번 출구로 나오면 광장과 바로 연결된다. 세종대왕상·광화문 방향으로 북쪽을 향해 걸으면 경복궁까지 자연스럽게 이어진다.,https://upload.wikimedia.org/wikipedia/commons/6/6c/Nightview_of_the_Gwanghwamun_Square_2024.jpg,37.572602860810186,126.97691639601516,Jongno-gu,Gwanghwamun Square,钟路区,光化门广场,鍾路区,光化門広場,Jongno-gu,Plaza Gwanghwamun,جونغنو غو,ساحة جوانجهوامون,Чонно-гу,Площадь Кванхвамун,traditional|night_seoul|photo,1.0,0,False,True,evening,solo|couple|friends|family,night,royal_seoul
종로구,청계천 모전교,"청계광장과 가까운 청계천 상류 구간의 다리로, 복원된 도심 하천을 산책하기 시작하기 좋은 지점이다. 광화문·종각·을지로와 가까워 도심 관광 중 잠시 내려가 물길을 따라 걷기 좋으며, 해가 진 뒤에는 조명과 도심 야경이 더해진다.",5호선 광화문역 5번 출구에서 청계광장 방향으로 약 5분 걸으면 모전교와 청계천 상류 구간에 닿는다. 종각역에서도 도보 약 5~10분 거리다.,https://upload.wikimedia.org/wikipedia/commons/b/b8/Seoul_Cheonggyecheon_night.jpg,37.5691263603203,126.97929001624216,Jongno-gu,Cheonggyecheon Mojeongyo Bridge,钟路区,清溪川木正桥,鍾路区,清渓川母殿橋,Jongno-gu,Puente Cheonggyecheon Mojeongyo,جونغنو غو,جسر تشيونج جي تشون موجونجيو,Чонно-гу,Мост Чхонгечхон Моджонё,night_seoul|nature|photo,1.5,0,False,True,evening,solo|couple|friends|family,night|hot,han_river_night|slow_seoul
종로구,익선동 한옥마을,"종로의 오래된 한옥 골목을 카페·식당·상점이 채우며 새로운 상권으로 발전한 지역이다. 낮에는 한옥의 지붕선과 좁은 골목을 천천히 둘러보기 좋고, 저녁에는 식당과 카페가 붐비므로 골목 혼잡과 대기시간을 고려하는 편이 좋다.",1·3·5호선 종로3가역 4번 출구에서 약 3~5분 걸으면 익선동 골목권에 들어선다. 골목이 매우 좁고 비슷해 대표 목적지를 하나 정해 지도와 함께 이동하는 편이 좋다.,https://upload.wikimedia.org/wikipedia/commons/f/fe/Ikseon-dong_%EC%9D%B5%EC%84%A0%EB%8F%99_October_1_2020_8.jpg,37.57418692679678,126.9910683849418,Jongno-gu,Ikseon-dong Hanok Village,钟路区,益善洞韩屋村,鍾路区,益善洞韓屋村,Jongno-gu,Aldea Hanok de Ikseon-dong,جونغنو غو,قرية إكسيون دونغ هانوك,Чонно-гу,Деревня Иксондон Ханок,traditional|food|trendy|photo,2.0,0,False,True,evening,solo|couple|friends,night,royal_seoul|alley_temperature|seoul_bite
종로구,서촌마을,"경복궁 서쪽에 형성된 오래된 생활권으로, 한옥과 저층 주택, 작은 책방·갤러리·카페가 골목마다 이어진다. 통인시장, 인왕산 자락, 수성동계곡 등과 연결해 걸으면 궁궐 중심의 서울과는 다른 생활형 도심 풍경을 볼 수 있다.",3호선 경복궁역 2번 출구에서 통인시장·자하문로 방향으로 약 5~10분 걸으면 서촌 중심 골목에 들어선다. 서촌은 범위가 넓어 통인시장이나 수성동계곡 등 목적지를 먼저 정하는 것이 좋다.,"https://staticmap.openstreetmap.de/staticmap.php?center=37.578728818102,126.9731106965&zoom=16&size=800x500&markers=37.578728818102,126.9731106965,red-pushpin",37.578728818102,126.9731106965,Jongno-gu,Seochon Village,钟路区,西村,鍾路区,西村村,Jongno-gu,Pueblo de Seochon,جونغنو غو,قرية سيوتشون,Чонно-гу,Деревня Сочхон,traditional|food|trendy|photo,2.0,0,False,True,evening,solo|couple|friends,night,royal_seoul|alley_temperature|seoul_bite
종로구,종묘,"조선 왕과 왕비의 신주를 모시고 제례를 올리던 왕실 사당으로, 1995년 유네스코 세계유산에 등재되었다. 길게 뻗은 정전과 엄숙한 공간 구성이 특징이며, 종묘제례와 종묘제례악으로 이어지는 왕실 의례문화를 함께 이해하기 좋은 곳이다.",1·3·5호선 종로3가역 11번 출구에서 종묘 방향으로 약 5~10분 걸으면 외대문에 도착한다. 종묘광장을 지나 입구 표지판을 따르면 찾기 쉽다.,https://upload.wikimedia.org/wikipedia/commons/0/07/%EC%A2%85%EB%AC%98.jpg,37.5761080433804,126.994212979827,Jongno-gu,Jongmyo Shrine,钟路区,宗庙,鍾路区,種苗,Jongno-gu,Santuario Jongmyo,جونغنو غو,ضريح جونغميو,Чонно-гу,Храм Чонмё,traditional|nature|photo,1.5,1,False,False,morning,solo|couple|friends|family,hot,royal_seoul|slow_seoul
종로구,창경궁,"성종이 왕실 어른들을 모시기 위해 확장·조성한 궁궐로, 다른 궁궐보다 생활 공간과 정원의 분위기가 두드러진다. 춘당지와 우리나라 최초의 서양식 온실인 대온실이 특히 유명해 궁궐 산책과 식물·건축 감상을 함께하기 좋다.",4호선 혜화역 4번 출구에서 대학로를 지나 약 15분 걷거나 버스로 창경궁 앞 정류장까지 이동할 수 있다. 3호선 안국역·종로3가역 쪽에서 버스를 이용하는 방법도 편하다.,"https://upload.wikimedia.org/wikipedia/commons/d/df/Changgeyonggung_misc_3_-_Seoul,_Korea.jpg",37.5794165384496,126.995199911733,Jongno-gu,Changgyeonggung Palace,钟路区,昌庆宫,鍾路区,昌慶宮,Jongno-gu,Palacio Changgyeonggung,جونغنو غو,قصر تشانجيونجونج,Чонно-гу,Дворец Чхангёнгун,traditional|nature|photo,2.0,1,False,False,morning,solo|couple|friends|family,hot,royal_seoul|slow_seoul
종로구,광장시장,"1905년 개설된 서울의 대표 전통시장 중 하나로, 원단·의류 상가와 함께 빈대떡·마약김밥·육회 등 먹거리로 널리 알려져 있다. 관광객이 많은 먹자골목뿐 아니라 시장 안쪽의 생활 상권까지 둘러보면 오래된 도심 시장의 규모와 분위기를 더 잘 느낄 수 있다.",1호선 종로5가역 8번 출구에서 약 3~5분 걸으면 시장 동문 쪽에 닿는다. 2·5호선 을지로4가역에서도 약 5~10분 도보로 접근할 수 있다.,https://upload.wikimedia.org/wikipedia/commons/f/fd/Gwangjang_Market.JPG,37.57005529646949,126.99894728223626,Jongno-gu,Gwangjang Market,钟路区,广藏市场,鍾路区,広場市場,Jongno-gu,Mercado de Gwangjang,جونغنو غو,سوق غوانغجانغ,Чонно-гу,Рынок Кванджанг,food|shopping|trendy,2.0,0,True,True,anytime,solo|couple|friends|family,rainy|indoor|hot|night,seoul_bite|seoul_now
종로구,낙산공원,"서울 한양도성의 성곽길과 도심 전망을 함께 즐길 수 있는 언덕 공원이다. 대학로에서 성곽을 따라 오르면 남산과 도심 빌딩이 펼쳐지고, 해질 무렵과 야간에는 성벽 조명이 더해져 산책·야경 명소로 인기가 높다.",4호선 혜화역 2번 출구에서 대학로·낙산길 방향으로 약 15~20분 오르막을 걷는다. 이화벽화마을을 거쳐 성곽길로 올라가는 동선도 가능하다.,https://upload.wikimedia.org/wikipedia/commons/4/46/KOCIS_Korea_Seoul_Fortress_20130924_11_(9910956885).jpg,37.58056966858,127.007521763748,Jongno-gu,Naksan Park,钟路区,骆山公园,鍾路区,ナクサン公園,Jongno-gu,Parque Naksan,جونغنو غو,ناكسان بارك,Чонно-гу,Наксан Парк,night_seoul|nature|photo,2.0,0,False,True,evening,solo|couple|friends|family,night|hot,han_river_night|mountain_city
종로구,이화벽화마을,"낙산 기슭의 주거 골목에 벽화와 소규모 예술작품이 더해지며 알려진 마을이다. 작품은 교체되거나 사라질 수 있고 실제 주민이 사는 지역이므로, 사진 촬영과 골목 산책 시 소음·사생활 침해를 피하는 것이 중요하다.",4호선 혜화역 2번 출구에서 이화동 방향으로 약 10~15분 걸으면 마을 골목에 들어선다. 경사가 있고 주거 골목이 복잡해 지도상 '이화마을' 중심 지점을 찍고 이동하는 것이 편하다.,https://upload.wikimedia.org/wikipedia/commons/f/f2/%EC%9D%B4%ED%99%94%EB%8F%99_%EB%B2%BD%ED%99%94%EB%A7%88%EC%9D%84_01.jpg,37.577975732883786,127.00710150317953,Jongno-gu,Ihwa Mural Village,钟路区,梨花壁画村,鍾路区,梨花壁画村,Jongno-gu,Pueblo Mural de Ihwa,جونغنو غو,قرية ايهوا الجدارية,Чонно-гу,Деревня фресок Ихва,trendy|photo,1.5,0,False,False,afternoon,solo|couple|friends,,alley_temperature
종로구,조계사,"대한불교조계종의 총본산으로, 서울 도심 한가운데에서 전통 사찰의 분위기를 느낄 수 있는 곳이다. 대웅전과 오래된 회화나무·백송, 연등이 어우러지며 부처님오신날 전후에는 특히 화려한 장엄을 볼 수 있다.",1호선 종각역 2번 출구에서 우정국로를 따라 약 5분 걸으면 조계사 일주문에 도착한다. 3호선 안국역에서도 인사동을 지나 도보 약 10분 정도다.,"https://upload.wikimedia.org/wikipedia/commons/d/de/Seoul,_Jongno_%26_Jogyesa_Temple_(%EC%A1%B0%EA%B3%84%EC%82%AC)_(15239725280).jpg",37.57395881968132,126.98185608504004,Jongno-gu,Jogyesa Temple,钟路区,曹溪寺,鍾路区,曹渓寺,Jongno-gu,Templo Jogyesa,جونغنو غو,معبد جوجيسا,Чонно-гу,Храм Джогеса,traditional|photo,1.0,0,False,False,morning,solo|couple|friends|family,,royal_seoul
중구,덕수궁,"대한제국의 역사가 짙게 남은 궁궐로, 전통 전각과 석조전 같은 서양식 건축이 한 공간에 공존한다. 대한문에서 시작해 중화전·석조전·정관헌을 둘러본 뒤 돌담길과 정동 일대를 함께 걸으면 근대 서울의 변화상을 이해하기 좋다.",1·2호선 시청역 2번 출구에서 나오면 대한문이 바로 보인다. 정동길·서울시립미술관과 연계하려면 궁 관람 뒤 돌담길 방향으로 이동하면 된다.,https://upload.wikimedia.org/wikipedia/commons/3/35/%EB%8D%95%EC%88%98%EA%B6%81.jpg,37.5655638710672,126.974894754989,Jung-gu,Deoksugung Palace,中区,德寿宫,中区,徳寿宮,Jung-gu,Palacio Deoksugung,جونغ غو,قصر دوكسوغونغ,Юнг-гу,Дворец Токсугун,traditional|night_seoul|photo,2.0,1,False,True,evening,solo|couple|friends|family,night,royal_seoul
중구,남산서울타워,"남산 정상부에 자리한 서울의 대표 전망 명소로, 전망대에서 도심과 한강, 산 능선을 360도로 조망할 수 있다. 케이블카·순환버스·도보 등 여러 방식으로 오를 수 있으며, 해질 무렵부터 야간까지 도시 불빛을 보기 좋다.",4호선 명동역 3번 출구에서 남산오르미·케이블카 승강장까지 약 10~15분 걷고 케이블카를 이용할 수 있다. 또는 충무로·동대입구 일대에서 남산 순환버스를 이용해 정상부로 접근할 수 있다.,https://upload.wikimedia.org/wikipedia/commons/b/ba/Seoul_Tower_(4394893276).jpg,37.55127433407266,126.9882079935398,Jung-gu,Namsan Seoul Tower,中区,南山首尔塔,中区,南山ソウルタワー,Jung-gu,Torre Namsan Seúl,جونغ غو,برج نامسان سيول,Юнг-гу,Намсан Сеульская башня,night_seoul|photo,2.0,1,True,True,anytime,solo|couple|friends|family,rainy|indoor|hot|night,han_river_night|mountain_city
중구,명동성당,"1898년 완공된 한국 천주교의 상징적 성당으로, 고딕 양식의 붉은 벽돌 외관과 높은 첨탑이 명동 도심에서 뚜렷한 존재감을 보인다. 성당 내부는 종교시설인 만큼 미사와 기도 시간을 존중해 조용히 관람하는 것이 좋다.",4호선 명동역 8번 출구에서 명동길을 따라 약 5~10분 걸으면 성당 입구가 나온다. 2호선 을지로입구역에서도 명동 중심거리를 지나 도보 접근이 가능하다.,https://upload.wikimedia.org/wikipedia/commons/9/93/Myeongdongchurch2025.jpg,37.56318453011765,126.98735609674073,Jung-gu,Myeongdong Cathedral,中区,明洞天主教堂,中区,明洞大聖堂,Jung-gu,Catedral de Myeongdong,جونغ غو,كاتدرائية ميونج دونج,Юнг-гу,Собор Мёндон,traditional|photo,1.0,0,True,True,anytime,solo|couple|friends|family,rainy|indoor|hot|night,royal_seoul
중구,남대문시장,"숭례문 인근에 형성된 대규모 전통시장으로, 의류·주방용품·안경·수입품·식품 등 다양한 품목을 골목별로 만날 수 있다. 갈치조림·칼국수 같은 먹거리 골목도 유명해 쇼핑과 식사를 한 번에 즐기기 좋다.",4호선 회현역 5번 출구에서 나오면 남대문시장 중심 상권과 바로 이어진다. 숭례문 쪽에서 시작해 시장 안쪽 먹거리 골목으로 들어가는 동선도 편하다.,"https://staticmap.openstreetmap.de/staticmap.php?center=37.55918176072071,126.9776267740439&zoom=16&size=800x500&markers=37.55918176072071,126.9776267740439,red-pushpin",37.55918176072071,126.9776267740439,Jung-gu,Namdaemun Market,中区,南大门市场,中区,南大門市場,Jung-gu,Mercado Namdaemun,جونغ غو,سوق نامدايمون,Юнг-гу,Рынок Намдэмун,food|shopping|traditional,2.0,0,True,True,anytime,solo|couple|friends|family,rainy|indoor|hot|night,royal_seoul|seoul_bite
중구,동대문디자인플라자(DDP),"자하 하디드의 설계로 완성된 대형 복합문화공간으로, 유선형의 금속 외관과 넓은 공공공간 자체가 대표적인 볼거리다. 전시·행사·디자인숍·패션 상권을 함께 즐길 수 있고, 야간에는 외관 조명과 동대문 일대의 분위기가 특히 인상적이다.",2·4·5호선 동대문역사문화공원역 1번 출구 등 여러 출구가 DDP와 직접 연결된다. 지하 안내판에서 'DDP' 표기를 따라 이동하면 날씨 영향을 적게 받고 접근할 수 있다.,"https://upload.wikimedia.org/wikipedia/commons/c/c9/20240601_144028_Dongdaemun_Design_Plaza,_Seoul_08.jpg",37.5671843130818,127.009911013917,Jung-gu,Dongdaemun Design Plaza (DDP),中区,东大门设计广场 (DDP),中区,東大門デザインプラザ（DDP）,Jung-gu,Plaza de diseño de Dongdaemun (DDP),جونغ غو,دونغ ديمون ديزاين بلازا (DDP),Юнг-гу,Тондэмун Дизайн Плаза (DDP),kculture|night_seoul|trendy|shopping|photo,2.5,0,True,True,anytime,solo|couple|friends|family,rainy|indoor|hot|night,seoul_now|art_city
중구,남산골한옥마을,"남산 북쪽 기슭에 전통 한옥을 옮겨 조성한 문화공간으로, 조선시대 양반가와 민가의 구조를 비교해 볼 수 있다. 전통정원과 천우각, 다양한 체험·공연 프로그램이 있어 남산 산책과 함께 한국 전통생활문화를 접하기 좋다.",3·4호선 충무로역 3·4번 출구에서 약 5분 걸으면 남산골한옥마을 정문에 도착한다. 남산서울타워와 연계할 경우 마을 관람 후 남산 방향으로 이동할 수 있다.,https://upload.wikimedia.org/wikipedia/commons/b/ba/%EB%82%A8%EC%82%B0%EA%B3%A8_%ED%95%9C%EC%98%A5%EB%A7%88%EC%9D%84.jpg,37.55954236008625,126.99473828260912,Jung-gu,Namsangol Hanok Village,中区,南山谷韩屋村,中区,南山ゴール韓屋村,Jung-gu,Aldea Hanok de Namsangol,جونغ غو,قرية نامسانجول هانوك,Юнг-гу,Деревня Намсангол Ханок,traditional|nature|photo,2.0,0,False,False,morning,solo|couple|friends|family,hot,royal_seoul|mountain_city
중구,숭례문,"서울 도성의 남쪽 정문이자 국보로 지정된 조선시대 성문이다. 현재는 주변이 개방된 도심 문화유산 공간으로 정비되어 있어, 남대문시장·서울역·서울로7017을 잇는 짧은 도보 코스의 출발점으로 좋다.",1·4호선 서울역에서 4번 출구 쪽으로 나와 남대문 방향으로 약 10분 걸으면 숭례문에 도착한다. 회현역 5번 출구에서는 남대문시장을 지나 더 가깝게 접근할 수 있다.,https://upload.wikimedia.org/wikipedia/commons/5/5d/Sungryemun_of_seoul.jpg,37.5600030088843,126.975313124237,Jung-gu,Sungnyemun Gate,中区,崇礼门,中区,崇礼門,Jung-gu,Puerta Sungnyemun,جونغ غو,بوابة سونغنييمون,Юнг-гу,Ворота Сунгнемун,traditional|night_seoul|photo,1.0,0,False,True,evening,solo|couple|friends|family,night,royal_seoul
중구,서울로7017,"옛 서울역 고가도로를 보행길과 공중정원으로 재생한 도시재생 공간이다. 서울역에서 남대문시장·회현동 쪽으로 이어지며, 도심 건축과 철도 풍경을 색다른 높이에서 볼 수 있어 이동 자체를 산책으로 즐기기 좋다.",1·4호선·공항철도·경의중앙선 서울역에서 2번 출구 또는 서울역 광장 쪽 연결로를 이용한다. 보행길은 서울역 주변에서 남대문·회현 방향으로 이어져 있어 표지판을 따라 진입하면 된다.,https://upload.wikimedia.org/wikipedia/commons/1/1d/Seoullo_7017_01.jpg,37.55710902701912,126.97541367376364,Jung-gu,Seoullo 7017,中区,首尔路7017,中区,ソウル路7017,Jung-gu,Seúl 7017,جونغ غو,سيولو 7017,Юнг-гу,Сеулло 7017,night_seoul|nature|trendy|photo,1.5,0,False,True,evening,solo|couple|friends|family,night|hot,slow_seoul
중구,명동 쇼핑거리,"K-뷰티·패션·면세점·음식점이 밀집한 서울의 대표 쇼핑 지역이다. 명동역과 을지로입구역 사이 골목에 브랜드 매장과 노점이 촘촘히 이어지며, 명동성당·남산과 묶어 반나절 코스로 돌아보기 좋다.",4호선 명동역 5~10번 출구로 나오면 메인 쇼핑 골목과 바로 연결된다. 을지로입구역 5·6번 출구 쪽에서 롯데백화점 방향으로 들어와 반대편에서 걷는 방법도 편하다.,https://upload.wikimedia.org/wikipedia/commons/3/32/%EB%AA%85%EB%8F%998%EA%B8%B8_%EA%B1%B0%EB%A6%AC_(2020.03).jpg,,,Jung-gu,Myeongdong Shopping Street,中区,明洞购物街,中区,明洞商店街,Jung-gu,Calle comercial Myeongdong,جونغ غو,شارع ميونج دونج للتسوق,Юнг-гу,Торговая улица Мёндон,food|night_seoul|trendy|shopping,2.5,0,False,True,evening,solo|couple|friends,night,seoul_bite|seoul_now
중구,정동길,"덕수궁 돌담길을 따라 근대 건축과 문화시설이 이어지는 서울의 대표 산책길이다. 정동제일교회·배재학당 역사박물관·서울시립미술관 등과 가깝고, 조용한 골목 분위기 속에서 개항기와 대한제국기의 흔적을 살펴보기 좋다.",1·2호선 시청역 12번 출구에서 덕수궁 돌담길을 따라 약 3~5분 걸으면 정동길 중심 구간에 들어선다. 서울시립미술관·정동제일교회를 차례로 연결하기 좋다.,"https://upload.wikimedia.org/wikipedia/commons/4/48/Jeongdong-gil_(%EC%A0%95%EB%8F%99%EA%B8%B8),_One_of_the_most_popular_pedestrian_alleys_in_Seoul_by_the_lovers.jpg",37.5658589281598,126.972775755916,Jung-gu,Jeongdong-gil,中区,贞洞路,中区,チョン・ドンギル,Jung-gu,Jeongdong-gil,جونغ غو,جيونج دونج جيل,Юнг-гу,Чондон-гиль,traditional|nature|trendy|photo,1.5,0,False,False,afternoon,solo|couple|friends,hot,royal_seoul|alley_temperature|slow_seoul
용산구,국립중앙박물관,"한국의 역사·미술·고고 유물을 폭넓게 소장한 국내 대표 박물관으로, 상설전시만으로도 선사시대부터 조선·아시아 미술까지 큰 흐름을 볼 수 있다. 넓은 야외정원과 용산가족공원이 이어져 있어 전시 관람과 산책을 함께 계획하기 좋다.",4호선·경의중앙선 이촌역 2번 출구에서 '박물관 나들길' 안내를 따라 이동하면 국립중앙박물관 부지로 연결된다. 역사에서 박물관 입구까지 약 10분 정도 잡으면 여유롭다.,"https://staticmap.openstreetmap.de/staticmap.php?center=37.52392249364415,126.98018716127058&zoom=16&size=800x500&markers=37.52392249364415,126.98018716127058,red-pushpin",37.52392249364415,126.98018716127058,Yongsan-gu,National Museum of Korea,용산구,韩国国立中央博物馆,龍山区,国立中央博物館,Yongsan-gu,Museo Nacional de Corea,يونجسان غو,المتحف الوطني الكوري,Ёнсан-гу,Национальный музей Кореи,traditional|kculture,4.0,0,True,False,anytime,solo|couple|friends|family,rainy|indoor|hot,royal_seoul|seoul_now|art_city
용산구,이태원 관광특구,"세계 각국의 음식점과 바, 상점이 모여 있는 서울의 대표적인 다문화 상권이다. 이태원역을 중심으로 해밀톤호텔 뒤편 골목과 경리단길·한남동 방향까지 분위기가 크게 달라지므로 취향에 따라 구역을 나눠 둘러보는 재미가 있다.","6호선 이태원역 1~4번 출구 일대가 관광특구 중심이다. 음식점과 상점이 넓게 퍼져 있으므로 해밀톤호텔 뒤편, 경리단길, 한남동 중 보고 싶은 구역에 맞춰 출구를 선택하면 된다.",https://upload.wikimedia.org/wikipedia/commons/4/41/Korea-Seoul-Itaewon-Seoul_Central_Mosque-01.jpg,37.5349073364554,126.997388675434,Yongsan-gu,Itaewon Special Tourist Zone,용산구,梨泰院旅游特区,龍山区,梨泰院観光特区,Yongsan-gu,Zona turística especial de Itaewon,يونجسان غو,منطقة إتايوان السياحية الخاصة,Ёнсан-гу,Особая туристическая зона Итэвон,food|night_seoul|trendy|shopping,3.0,0,False,True,evening,solo|couple|friends,night,seoul_bite|seoul_now
용산구,용산가족공원,"국립중앙박물관 북쪽에 자리한 넓은 녹지공원으로, 잔디밭·연못·산책로가 있어 도심에서 비교적 여유롭게 쉬기 좋다. 박물관 관람 전후나 이촌동 산책과 함께 묶기 좋은 가족형 휴식 공간이다.",4호선·경의중앙선 이촌역 2번 출구에서 국립중앙박물관 방향으로 약 10~15분 걸으면 공원에 닿는다. 박물관 야외정원과 연결해 이동하기 쉽다.,"https://staticmap.openstreetmap.de/staticmap.php?center=37.52186591898916,126.9828336430597&zoom=16&size=800x500&markers=37.52186591898916,126.9828336430597,red-pushpin",37.52186591898916,126.9828336430597,Yongsan-gu,Yongsan Family Park,용산구,龙山家庭公园,龍山区,龍山家族公園,Yongsan-gu,Parque familiar Yongsan,يونجسان غو,حديقة يونجسان العائلية,Ёнсан-гу,Семейный парк Ёнсан,nature|photo,2.0,0,False,False,morning,solo|couple|friends|family,hot,slow_seoul
용산구,전쟁기념관,"한국전쟁과 대한민국 군사사를 중심으로 전쟁의 기록과 교훈을 전하는 대형 박물관이다. 실내 전시뿐 아니라 야외에 항공기·전차 등 대형 장비가 전시되어 있어 관람 범위가 넓으며, 충분한 시간을 잡고 방문하는 것이 좋다.",4·6호선 삼각지역 11·12번 출구에서 약 5분 걸으면 전쟁기념관 정문에 도착한다. 1호선 남영역에서도 도보 약 10~15분 정도다.,https://upload.wikimedia.org/wikipedia/commons/b/be/WarMemorialOfKorea.jpg,37.53706844515933,126.9770880207577,Yongsan-gu,war memorial,용산구,战争纪念馆,龍山区,戦争記念館,Yongsan-gu,monumento a los caídos,يونجسان غو,نصب تذكاري للحرب,Ёнсан-гу,военный мемориал,traditional|kculture,3.0,0,True,False,anytime,solo|couple|friends|family,rainy|indoor|hot,royal_seoul|seoul_now|art_city
용산구,한남동 카페거리,"한남오거리와 한강진역 주변에 개성 있는 카페·레스토랑·편집숍·갤러리가 모인 지역이다. 리움미술관과 이태원, 제일기획 일대의 경사진 골목을 함께 걸으면 한남동 특유의 차분하고 세련된 분위기를 느끼기 좋다.",6호선 한강진역 3번 출구에서 한남동·이태원로 방향으로 약 10분 걸으면 카페와 상점이 밀집한 골목권에 들어선다. 리움미술관을 기준점으로 잡으면 동선이 쉽다.,"https://staticmap.openstreetmap.de/staticmap.php?center=37.5369688440826,127.001588561792&zoom=16&size=800x500&markers=37.5369688440826,127.001588561792,red-pushpin",37.5369688440826,127.001588561792,Yongsan-gu,Hannam-dong Cafe Street,용산구,汉南洞咖啡街,龍山区,漢南洞カフェ通り,Yongsan-gu,Calle de cafés Hannam-dong,يونجسان غو,شارع مقهى هانام دونج,Ёнсан-гу,Улица кафе Ханнам-дон,food|trendy|shopping,2.0,0,False,True,evening,solo|couple|friends,night,alley_temperature|seoul_bite|seoul_now
용산구,해방촌,"남산 남쪽 언덕의 오래된 주거지역으로, 좁고 가파른 골목 사이에 전망 좋은 카페와 식당이 들어서며 독특한 분위기를 형성했다. 신흥시장과 남산 소월로 쪽으로 이어 걸을 수 있지만 경사가 큰 구간이 많아 편한 신발이 좋다.",6호선 녹사평역 2번 출구에서 해방촌오거리·신흥시장 방향으로 약 15~20분 오르막을 걷는다. 경사가 큰 편이므로 버스나 택시를 섞어 이동해도 좋다.,https://upload.wikimedia.org/wikipedia/commons/7/78/Seoul_Yongsan_Haebangchon_20250206.jpg,37.5390142761733,126.986688076957,Yongsan-gu,Haebangchon,용산구,解放村,龍山区,解放村,Yongsan-gu,Haebangchon,يونجسان غو,هايبانجتشون,Ёнсан-гу,Хэбанчхон,food|night_seoul|trendy|photo,2.5,0,False,True,evening,solo|couple|friends,night,alley_temperature|seoul_bite
용산구,경리단길,"녹사평역에서 남산 방향으로 이어지는 언덕길 상권으로, 세계 음식점·펍·카페와 작은 상점이 모여 있다. 이태원 메인거리보다 비교적 골목형 분위기가 강하며, 해방촌·남산과 연계하면 다양한 도시 풍경을 경험할 수 있다.",6호선 녹사평역 2번 출구에서 남산 방향으로 약 10~15분 오르막을 걸으면 경리단길 초입에 닿는다. 해방촌과 함께 둘러보려면 계속 언덕 방향으로 이동한다.,"https://staticmap.openstreetmap.de/staticmap.php?center=37.5397580614249,126.991721972247&zoom=16&size=800x500&markers=37.5397580614249,126.991721972247,red-pushpin",37.5397580614249,126.991721972247,Yongsan-gu,Gyeongnidan-gil,용산구,经理团路,龍山区,キョンリダンギル,Yongsan-gu,Gyeongnidan-gil,يونجسان غو,جيونجنيدان جيل,Ёнсан-гу,Кённидан-гиль,food|night_seoul|trendy|shopping,2.0,0,False,True,evening,solo|couple|friends,night,alley_temperature|seoul_bite|seoul_now
용산구,리움미술관,"삼성문화재단이 운영하는 미술관으로, 한국 고미술과 국내외 현대미술을 함께 볼 수 있는 대표 문화공간이다. 서로 다른 건축가가 설계한 미술관 건물 자체도 볼거리이며, 인기 전시는 사전 예약 여부를 확인하는 것이 좋다.",6호선 한강진역 1번 출구에서 이태원로55길 쪽으로 약 5~10분 걸으면 리움미술관에 도착한다. 언덕길이 일부 있으나 역에서 비교적 가깝다.,"https://upload.wikimedia.org/wikipedia/commons/c/c4/Leeum,_Samsung_Museum_of_Art.jpg",37.53833657002706,126.99911744955163,Yongsan-gu,Leeum Museum of Art,용산구,Leeum艺术博物馆,龍山区,リウム美術館,Yongsan-gu,Museo de Arte Leeum,يونجسان غو,متحف ليوم للفنون,Ёнсан-гу,Художественный музей Лиума,kculture|trendy|photo,2.5,1,True,False,anytime,solo|couple|friends|family,rainy|indoor|hot,seoul_now|art_city
용산구,이촌 한강공원,"한강 북쪽 강변에 길게 이어진 공원으로, 탁 트인 강 전망과 잔디 공간, 자전거길을 즐길 수 있다. 국립중앙박물관·용산가족공원과 가까워 박물관 관람 뒤 한강 산책으로 연결하기 좋다.",4호선·경의중앙선 이촌역 4번 출구에서 한강공원 이촌지구 표지판을 따라 약 10~15분 걸으면 강변에 닿는다. 자전거도로를 건널 때는 보행 동선을 확인한다.,"https://staticmap.openstreetmap.de/staticmap.php?center=37.5172404421072,126.970526590861&zoom=16&size=800x500&markers=37.5172404421072,126.970526590861,red-pushpin",37.5172404421072,126.970526590861,Yongsan-gu,Ichon Hangang Park,용산구,二村汉江公园,龍山区,利村漢江公園,Yongsan-gu,Parque Ichon Hangang,يونجسان غو,متنزه إيتشون هانجانج,Ёнсан-гу,Парк Ичон Ханган,night_seoul|nature|photo,2.0,0,False,True,evening,solo|couple|friends|family,night|hot,han_river_night|slow_seoul
용산구,국립한글박물관,"한글의 창제 원리와 역사, 문자문화의 확산을 다루는 국립박물관이다. 다만 화재 피해 시설 복구와 증축공사로 2028년 하반기까지 본관이 휴관 중이므로, 방문 전 외부 전시·교육 프로그램 운영 여부를 공식 홈페이지에서 확인해야 한다.",4호선·경의중앙선 이촌역 2번 출구에서 국립중앙박물관 방향으로 약 10분 이동한다. 현재 본관은 2028년 하반기까지 휴관 예정이므로 방문 전 공식 공지에서 운영 프로그램을 확인해야 한다.,"https://staticmap.openstreetmap.de/staticmap.php?center=37.5211853774917,126.980977473728&zoom=16&size=800x500&markers=37.5211853774917,126.980977473728,red-pushpin",37.5211853774917,126.980977473728,Yongsan-gu,National Hangeul Museum,용산구,国立韩文博物馆,龍山区,国立ハングル博物館,Yongsan-gu,Museo Nacional del Hangeul,يونجسان غو,متحف الهانجول الوطني,Ёнсан-гу,Национальный музей хангыля,traditional|kculture,2.0,0,True,False,anytime,solo|couple|friends|family,rainy|indoor|hot,royal_seoul|seoul_now|art_city
강남구,코엑스 별마당도서관,"스타필드 코엑스몰 중앙에 자리한 대형 개방형 도서문화공간으로, 높은 서가와 중앙 아트리움이 상징적인 장소다. 책을 읽거나 쉬어가기 좋고 강연·전시가 열리기도 하며, 코엑스·봉은사·무역센터와 실내외 동선으로 연결하기 좋다.",2호선 삼성역 5·6번 출구에서 코엑스몰로 들어가 내부 안내판의 '별마당도서관'을 따라 약 5~10분 이동한다. 9호선 봉은사역 7번 출구에서도 코엑스몰로 연결된다.,https://upload.wikimedia.org/wikipedia/commons/4/44/20250821_%EC%BD%94%EC%97%91%EC%8A%A4_%EB%B3%84%EB%A7%88%EB%8B%B9%EB%8F%84%EC%84%9C%EA%B4%80.jpg,37.510192859355016,127.06015941426637,Gangnam-gu,COEX Byeolmadang Library,江南区,COEX别马堂图书馆,江南区,COEX別庭図書館,Gangnam-gu,Biblioteca COEX Byeolmadang,جانج نام غو,مكتبة كويكس بيولمادانج,Каннамгу,Библиотека COEX в Пёлмаданге,kculture|trendy|shopping|photo,1.5,0,True,True,anytime,solo|couple|friends|family,rainy|indoor|hot|night,seoul_now|art_city
강남구,강남역 거리,"강남대로를 중심으로 대형 상업시설·학원·음식점·카페가 밀집한 서울의 대표 도심 상권이다. 지하상가와 뒷골목까지 상권이 넓어 쇼핑·식사·야간 분위기를 한 번에 경험할 수 있으며, 시간대에 따라 매우 붐빈다.","2호선·신분당선 강남역에서 강남대로 방향 출구로 나오면 상권이 시작된다. 10·11번 출구 쪽은 강남대로와 뒷골목 식당가 접근이 편하고, 신논현역까지 걸으며 둘러볼 수 있다.","https://staticmap.openstreetmap.de/staticmap.php?center=37.49668534378337,127.02769442384988&zoom=16&size=800x500&markers=37.49668534378337,127.02769442384988,red-pushpin",37.49668534378337,127.02769442384988,Gangnam-gu,Gangnam Station Street,江南区,江南站街,江南区,江南駅通り,Gangnam-gu,Calle de la estación de Gangnam,جانج نام غو,شارع محطة جانجنام,Каннамгу,Станционная улица Каннам,kculture|food|night_seoul|trendy|shopping,2.5,0,False,True,evening,solo|couple|friends,night,seoul_bite|seoul_now
강남구,가로수길,"신사동을 대표해온 상업거리로, 은행나무길을 따라 패션 매장·카페·브랜드 쇼룸과 골목 상권이 이어진다. 메인도로뿐 아니라 세로수길·도산공원 방향의 작은 골목까지 함께 보면 최근 강남 상권의 변화를 느끼기 좋다.",3호선 신사역 8번 출구에서 도산대로 방향으로 약 5분 걸으면 가로수길 초입에 닿는다. 메인길에서 세로 골목으로 들어가면 카페·편집숍이 더 많이 이어진다.,"https://staticmap.openstreetmap.de/staticmap.php?center=37.520819816124934,127.02272940977892&zoom=16&size=800x500&markers=37.520819816124934,127.02272940977892,red-pushpin",37.52081981612493,127.02272940977892,Gangnam-gu,Garosu-gil,江南区,林荫树路,江南区,カロスギル,Gangnam-gu,Garosu-gil,جانج نام غو,جاروسو جيل,Каннамгу,Гаросу-гиль,food|trendy|shopping|photo,2.0,0,False,True,evening,solo|couple|friends,night,seoul_bite|seoul_now
강남구,봉은사,"도심의 고층 건물 사이에 자리한 천년고찰로, 신라시대에 창건된 것으로 전해지는 서울의 대표 사찰이다. 대웅전과 미륵대불, 판전 등을 둘러볼 수 있으며, 길 건너 코엑스와 대비되는 고요한 풍경이 인상적이다.",9호선 봉은사역 1번 출구로 나오면 사찰 입구가 바로 가깝다. 2호선 삼성역에서 코엑스를 가로질러 도보 약 10~15분 이동하는 방법도 있다.,"https://upload.wikimedia.org/wikipedia/commons/0/0f/Bongeunsa_-_Seoul,_Korea.jpg",37.51551811418552,127.05771026736105,Gangnam-gu,Bongeunsa Temple,江南区,奉恩寺,江南区,ボンウンサ,Gangnam-gu,Templo Bongeunsa,جانج نام غو,معبد بونجونسا,Каннамгу,Храм Бонгеунса,traditional|photo,1.5,0,False,False,morning,solo|couple|friends|family,,royal_seoul
강남구,압구정 로데오거리,"갤러리아백화점과 압구정로데오역 주변에 형성된 패션·외식 중심 상권이다. 명품 플래그십, 편집숍, 카페와 레스토랑이 밀집해 있어 청담동·도산공원·K-Star Road와 연결해 둘러보기 좋다.",수인분당선 압구정로데오역 5·6번 출구 일대가 로데오거리 중심권이다. 갤러리아백화점과 도산공원 방향 골목을 함께 걸으면 상권을 넓게 볼 수 있다.,"https://staticmap.openstreetmap.de/staticmap.php?center=37.5267558230172,127.039152029523&zoom=16&size=800x500&markers=37.5267558230172,127.039152029523,red-pushpin",37.5267558230172,127.039152029523,Gangnam-gu,Apgujeong Rodeo Street,江南区,狎鸥亭罗德奥街,江南区,gu鴎亭ロデオ通り,Gangnam-gu,Calle del rodeo Apgujeong,جانج نام غو,شارع أبجوجيونج روديو,Каннамгу,Улица Апкуджон Родео,kculture|food|trendy|shopping|photo,2.0,0,False,True,evening,solo|couple|friends,night,seoul_bite|seoul_now
강남구,선릉과정릉,"조선 왕릉인 선릉과 정릉이 함께 있는 유적지로, 유네스코 세계유산 '조선왕릉'의 일부다. 빌딩이 밀집한 강남 한복판에서 숲길과 능침 공간을 차분히 걸을 수 있어 역사 탐방과 도심 산책을 동시에 즐기기 좋다.",2호선·수인분당선 선릉역 10번 출구에서 약 5~10분 걸으면 선릉 입구에 도착한다. 수인분당선 선정릉역에서도 접근 가능해 관람 동선에 따라 역을 선택할 수 있다.,https://upload.wikimedia.org/wikipedia/commons/3/38/Seolleung_Jeongneung_13_(18079127803).jpg,37.5091105328378,127.04892851392,Gangnam-gu,Seolleung Royal Tomb,江南区,宣陵王陵,江南区,瀬陵過程陵,Gangnam-gu,Tumba Real de Seolleung,جانج نام غو,مقبرة سيولونغ الملكية,Каннамгу,Королевская гробница Соллын,traditional|nature|photo,1.5,0,False,False,morning,solo|couple|friends|family,hot,royal_seoul|slow_seoul
강남구,청담동 패션거리,"청담사거리와 압구정로데오 일대에 명품 브랜드 플래그십과 갤러리, 고급 식음 공간이 모여 있는 거리다. 쇼윈도와 건축 디자인을 구경하는 재미가 크며, 도산공원·압구정 로데오거리와 이어 걸으면 동선이 자연스럽다.",수인분당선 압구정로데오역에서 갤러리아백화점·청담사거리 방향으로 약 10~15분 걷는다. 거리가 길게 이어지므로 특정 브랜드나 목적지를 지도에 찍고 이동하는 것이 효율적이다.,"https://staticmap.openstreetmap.de/staticmap.php?center=37.5254385255932,127.044341653848&zoom=16&size=800x500&markers=37.5254385255932,127.044341653848,red-pushpin",37.5254385255932,127.044341653848,Gangnam-gu,Cheongdam-dong Fashion Street,江南区,清潭洞时尚街,江南区,清潭洞ファッションストリート,Gangnam-gu,Calle de la moda Cheongdam-dong,جانج نام غو,شارع الموضة في تشيونغدام دونغ,Каннамгу,Улица моды в Чхонгдамдоне,kculture|trendy|shopping,2.0,0,False,True,evening,solo|couple|friends,night,seoul_now
강남구,도산공원,"독립운동가 도산 안창호를 기리기 위해 조성된 도심공원으로, 산책로와 기념공간이 잘 정돈되어 있다. 주변에 카페·브랜드 쇼룸·레스토랑이 밀집해 있어 조용한 공원 산책과 압구정·신사 상권 탐방을 함께 즐기기 좋다.",수인분당선 압구정로데오역에서 도산대로 방향으로 약 10~15분 걸으면 공원에 도착한다. 3호선 신사역에서도 가로수길을 지나 도보 약 15~20분 정도다.,"https://staticmap.openstreetmap.de/staticmap.php?center=37.52455769460598,127.03528760485077&zoom=16&size=800x500&markers=37.52455769460598,127.03528760485077,red-pushpin",37.52455769460598,127.03528760485077,Gangnam-gu,Dosan Park,江南区,岛山公园,江南区,道山公園,Gangnam-gu,Parque Dosan,جانج نام غو,دوسان بارك,Каннамгу,Парк Досан,nature|trendy|photo,1.0,0,False,True,evening,solo|couple|friends|family,night|hot,slow_seoul
강남구,양재천,"관악산에서 흘러온 물길을 따라 산책로와 자전거길, 녹지가 이어지는 강남의 대표 생활형 하천 공간이다. 봄 벚꽃과 여름 녹음, 가을 억새 등 계절 변화가 뚜렷하며, 매봉역·도곡동 일대에서 가볍게 접근하기 좋다.",3호선 매봉역 4번 출구에서 약 5분 내려가면 양재천 산책로 진입로가 나온다. 하천이 길게 이어지므로 도곡·대치 등 원하는 구간에 따라 다른 역을 이용해도 된다.,"https://staticmap.openstreetmap.de/staticmap.php?center=37.4818037639471,127.046595188917&zoom=16&size=800x500&markers=37.4818037639471,127.046595188917,red-pushpin",37.4818037639471,127.046595188917,Gangnam-gu,Yangjaecheon,江南区,良才川,江南区,ヤンジェチョン,Gangnam-gu,Yangjaecheon,جانج نام غو,يانغجايتشون,Каннамгу,Янчжечхон,nature|photo,2.0,0,False,False,morning,solo|couple|friends|family,hot,slow_seoul
강남구,K-Star Road,"압구정로데오역과 청담동 일대에 조성된 한류 테마 거리로, K-팝 그룹을 상징하는 '강남돌' 조형물과 엔터테인먼트·스타 관련 명소가 이어진다. 강남돌 구간을 중심으로 압구정 로데오거리와 청담동을 함께 걸으면 한류 관광 동선을 만들기 좋다.",수인분당선 압구정로데오역 2번 출구에서 나오면 한류스타거리(K-Star Road) 시작 구간에 접근할 수 있다. 압구정로를 따라 청담사거리 방향으로 약 1km 걸으며 강남돌 조형물과 한류 관련 지점을 연결하면 된다.,https://www.visitgangnam.net/images/nv-gangnam-kstar-road-01.webp,,,Gangnam-gu,K-Star Road,江南区,韩星路,江南区,Kスターロード,Gangnam-gu,Carretera K-Star,جانج نام غو,طريق كي ستار,Каннамгу,К-Стар Роуд,kculture|trendy|photo,1.5,0,False,True,evening,solo|couple|friends,night,seoul_now
송파구,롯데월드타워,"123층·555m 높이의 초고층 복합건물로, 잠실 스카이라인을 대표하는 랜드마크다. 쇼핑몰·공연장·호텔·전망대 등이 한 건물군에 모여 있으며, 석촌호수에서 바라보는 전경과 야간 조명이 특히 인상적이다.",2·8호선 잠실역 2번 출구 또는 지하 연결통로를 이용하면 롯데월드몰·롯데월드타워로 바로 이어진다. 건물군이 크므로 내부에서 '롯데월드타워/서울스카이' 표지를 확인하는 것이 좋다.,"https://staticmap.openstreetmap.de/staticmap.php?center=37.51260447840551,127.10255558658325&zoom=16&size=800x500&markers=37.51260447840551,127.10255558658325,red-pushpin",37.51260447840551,127.10255558658324,Songpa-gu,Lotte World Tower,松坡区,乐天世界塔,松坡区,ロッテワールドタワー,Songpa-gu,Torre del mundo Lotte,سونجبا غو,برج لوتي العالمي,Сонгпа-гу,Лотте Уорлд Тауэр,night_seoul|shopping|photo,1.5,1,False,True,evening,solo|couple|friends|family,night,han_river_night
송파구,롯데월드 어드벤처,"실내외 놀이공간이 결합된 대형 테마파크로, 어드벤처 실내공간과 매직아일랜드의 놀이기구·퍼레이드를 즐길 수 있다. 주말과 휴일에는 대기시간이 길 수 있어 운영시간과 어트랙션 점검 일정을 미리 확인하는 것이 좋다.",2·8호선 잠실역 4번 출구 쪽 지하통로를 따라 롯데월드 어드벤처 입구로 이동한다. 쇼핑몰과 연결되어 있어 실내 표지판을 따라가면 편하다.,"https://staticmap.openstreetmap.de/staticmap.php?center=37.51113059993883,127.09811980036908&zoom=16&size=800x500&markers=37.51113059993883,127.09811980036908,red-pushpin",37.51113059993883,127.09811980036908,Songpa-gu,Lotte World Adventure,松坡区,乐天世界冒险,松坡区,ロッテワールドアドベンチャー,Songpa-gu,Aventura mundial de Lotte,سونجبا غو,مغامرة لوتي العالمية,Сонгпа-гу,Лотте Ворлд Приключения,kculture|night_seoul|trendy|shopping|photo,6.0,3,True,True,anytime,solo|couple|friends|family,rainy|indoor|hot|night,seoul_now
송파구,석촌호수,"잠실 도심 한가운데 있는 동호·서호 두 개의 호수를 따라 산책로가 이어지는 공원이다. 봄 벚꽃과 롯데월드타워 반영으로 유명하며, 롯데월드·송리단길·서울스카이와 도보로 연결하기 좋다.",2·8호선 잠실역 2·3번 출구에서 약 5분 걸으면 석촌호수 서호 쪽에 닿는다. 동호·송리단길까지 둘러보려면 호수를 따라 시계방향 또는 반시계방향으로 이동하면 된다.,https://upload.wikimedia.org/wikipedia/commons/8/86/%EC%84%9D%EC%B4%8C_%ED%98%B8%EC%88%98%EA%B3%B5%EC%9B%90_(1).jpg,37.5076807262772,127.099112837006,Songpa-gu,Seokchon Lake,松坡区,石村湖,松坡区,石村湖,Songpa-gu,Lago Seokchon,سونجبا غو,بحيرة سيوكتشون,Сонгпа-гу,Озеро Сокчхон,night_seoul|nature|trendy|photo,2.0,0,False,True,evening,solo|couple|friends|family,night|hot,slow_seoul
송파구,올림픽공원,"1988 서울올림픽의 주요 시설과 넓은 녹지가 남아 있는 대형 공원이다. 평화의문·몽촌토성·들꽃마루·나홀로나무 등 볼거리가 넓게 분산되어 있어, 산책 목적이라면 구역을 정해 1~2시간 이상 잡는 편이 좋다.",5·9호선 올림픽공원역 3번 출구에서 평화의문 방향으로 약 5~10분 이동한다. 공원이 매우 넓어 한성백제박물관·몽촌토성 등 목적지에 따라 한성백제역을 이용하는 것도 좋다.,https://upload.wikimedia.org/wikipedia/commons/5/5e/Seoul_Olympic_Park_from_Lotte_World_Tower.jpg,37.5205340628851,127.120812783275,Songpa-gu,Olympic Park,松坡区,奥林匹克公园,松坡区,オリンピック公園,Songpa-gu,parque olímpico,سونجبا غو,الحديقة الأولمبية,Сонгпа-гу,Олимпийский парк,kculture|nature|photo,3.5,0,False,False,morning,solo|couple|friends|family,hot,seoul_now|slow_seoul
송파구,잠실 한강공원,"잠실대교와 종합운동장 사이 한강변에 조성된 공원으로, 자전거길·운동시설·잔디공간을 이용하기 좋다. 잠실 도심의 고층 스카이라인과 한강을 함께 볼 수 있으며, 지하철역에서 강변까지는 다소 걸어야 한다.",2호선 잠실새내역 6번 출구에서 한강 방향으로 약 15~20분 걸으면 잠실한강공원에 닿는다. 강변 진입부가 여러 곳이므로 지도에서 가장 가까운 진입로를 확인한다.,"https://staticmap.openstreetmap.de/staticmap.php?center=37.5177992564873,127.082357837214&zoom=16&size=800x500&markers=37.5177992564873,127.082357837214,red-pushpin",37.5177992564873,127.082357837214,Songpa-gu,Jamsil Hangang Park,松坡区,蚕室汉江公园,松坡区,チャムシル漢江公園,Songpa-gu,Parque Jamsil Hangang,سونجبا غو,حديقة جامسيل هانجانج,Сонгпа-гу,Парк Джамсил Ханган,night_seoul|nature|photo,2.0,0,False,True,evening,solo|couple|friends|family,night|hot,han_river_night|slow_seoul
송파구,서울스카이,"롯데월드타워 117~123층에 조성된 전망대로, 서울 도심과 한강을 높은 시점에서 내려다볼 수 있다. 날씨가 맑을수록 시야가 크게 열리며, 일몰 전 입장해 낮·노을·야경을 연속해서 보는 일정이 인기다.",2·8호선 잠실역에서 롯데월드몰 지하 연결통로를 따라 서울스카이 입구로 이동한다. 전망대는 롯데월드타워 내부에 있어 'SEOUL SKY' 안내표지를 따르면 된다.,"https://staticmap.openstreetmap.de/staticmap.php?center=37.51245860527257,127.10245245837073&zoom=16&size=800x500&markers=37.51245860527257,127.10245245837073,red-pushpin",37.51245860527257,127.10245245837072,Songpa-gu,Seoul Sky,松坡区,首尔天空,松坡区,ソウルスカイ,Songpa-gu,Cielo de Seúl,سونجبا غو,سيول سكاي,Сонгпа-гу,Сеул Скай,night_seoul|photo,1.5,2,True,True,anytime,solo|couple|friends|family,rainy|indoor|hot|night,han_river_night
송파구,방이동 먹자골목,"방이동 골목에 한식·고기·해산물·주점 등 다양한 음식점이 밀집한 지역 상권이다. 올림픽공원과 잠실 사이에 있어 공연·경기 관람 뒤 식사 장소로 이용하기 좋고, 저녁과 주말에는 유동인구가 많다.",8호선 몽촌토성역 3번 출구에서 방이동 골목 방향으로 약 5~10분 걸으면 먹자골목 중심에 닿는다. 2·8호선 잠실역 10번 출구 쪽에서도 도보 접근이 가능하다.,"https://staticmap.openstreetmap.de/staticmap.php?center=37.5147825360342,127.109220856293&zoom=16&size=800x500&markers=37.5147825360342,127.109220856293,red-pushpin",37.5147825360342,127.109220856293,Songpa-gu,Bangi-dong food alley,松坡区,万宜洞美食街,松坡区,部屋移動食べる路地,Songpa-gu,Callejón de comida de Bangi-dong,سونجبا غو,زقاق الطعام بانجي دونج,Сонгпа-гу,Ресторанный переулок Банги-дон,food|night_seoul|trendy,2.0,0,False,True,evening,solo|couple|friends,night,seoul_bite
송파구,한성백제박물관,풍납토성·몽촌토성 등 서울 동남부의 유적을 중심으로 한성백제의 역사와 문화를 소개하는 박물관이다. 올림픽공원 안에 자리해 몽촌토성 산책과 함께 관람하면 백제 초기 도성의 입지와 생활상을 이해하기 좋다.,9호선 한성백제역 2번 출구에서 올림픽공원 안으로 들어가 약 5분 걸으면 박물관에 도착한다. 5·9호선 올림픽공원역에서도 공원 산책을 겸해 접근할 수 있다.,https://upload.wikimedia.org/wikipedia/commons/2/29/Seoul_Baekje_Museum1.jpg,37.5154126785182,127.120895017165,Songpa-gu,Hanseong Baekje Museum,松坡区,汉城百济博物馆,松坡区,漢城百済博物館,Songpa-gu,Museo Hanseong Baekje,سونجبا غو,متحف هانسيونج بيكجي,Сонгпа-гу,Музей Хансон Пэкче,traditional|kculture,2.0,0,True,False,anytime,solo|couple|friends|family,rainy|indoor|hot,royal_seoul|seoul_now|art_city
마포구,홍대 걷고싶은거리,"홍익대학교 앞을 중심으로 버스킹·클럽·패션·카페 문화가 발달한 대표적인 젊은 상권이다. 메인 보행거리와 골목마다 분위기가 달라 낮에는 쇼핑과 카페, 저녁에는 공연과 야간문화를 즐기기 좋다.",2호선·공항철도·경의중앙선 홍대입구역 9번 출구에서 홍익대학교 방향으로 약 5분 걸으면 걷고싶은거리 중심권에 들어선다. 주말 저녁에는 매우 붐비므로 이동 시간을 여유 있게 잡는다.,https://upload.wikimedia.org/wikipedia/commons/f/f1/Hongdae_Street.jpg,37.5559412279911,126.924263894094,Mapo-gu,Streets you want to walk in Hongdae,麻浦区,弘大想去的街道,麻浦区,弘大を歩きたい,Mapo-gu,Calles por las que quieres caminar en Hongdae,مابو غو,الشوارع التي تريد السير فيها في Hongdae,Мапо-гу,"Улицы Хондэ, по которым хочется прогуляться",kculture|food|night_seoul|trendy|shopping,3.0,0,False,True,evening,solo|couple|friends,night,seoul_bite|seoul_now
마포구,연남동 경의선숲길,"옛 경의선 철길을 공원으로 바꾼 선형 녹지로, 홍대입구역에서 연남동 주거·상업 골목 사이를 길게 잇는다. 산책로 옆으로 카페·식당·소품숍이 밀집해 있어 연남동을 처음 둘러볼 때 기준 동선으로 삼기 좋다.",2호선·공항철도·경의중앙선 홍대입구역 3번 출구로 나오면 경의선숲길 연남동 구간이 거의 바로 시작된다. 철길공원을 따라 북쪽으로 걸으면 카페와 골목 상권이 이어진다.,"https://staticmap.openstreetmap.de/staticmap.php?center=37.5616023398319,126.923099173686&zoom=16&size=800x500&markers=37.5616023398319,126.923099173686,red-pushpin",37.5616023398319,126.923099173686,Mapo-gu,Gyeongui Line Forest Road in Yeonnam-dong,麻浦区,延南洞京义线森林道路,麻浦区,延南洞京義線森道,Mapo-gu,Carretera forestal de la línea Gyeongui en Yeonnam-dong,مابو غو,طريق غابة خط جيونجوي في يونام دونج,Мапо-гу,Лесная дорога Gyeongui Line в Ённамдоне,food|nature|trendy|photo,2.0,0,False,True,evening,solo|couple|friends,night|hot,alley_temperature|seoul_bite|slow_seoul
마포구,망원시장,"망원동 주민들이 자주 찾는 전통시장으로, 반찬·과일·정육 같은 생활형 점포와 닭강정·고로케 등 간식 가게가 함께 있다. 시장 규모가 부담스럽지 않아 연남·망리단길·망원한강공원과 묶어 둘러보기 좋다.",6호선 망원역 2번 출구에서 망원로를 따라 약 5분 걸으면 시장 입구에 도착한다. 시장을 빠져나와 계속 서쪽·남쪽으로 이동하면 망원한강공원과 연계할 수 있다.,"https://staticmap.openstreetmap.de/staticmap.php?center=37.555885964724716,126.90626589039096&zoom=16&size=800x500&markers=37.555885964724716,126.90626589039096,red-pushpin",37.55588596472472,126.90626589039096,Mapo-gu,Mangwon Market,麻浦区,望远市场,麻浦区,望遠市場,Mapo-gu,Mercado Mangwon,مابو غو,سوق مانجوون,Мапо-гу,Рынок Мангвон,food|shopping|trendy,1.5,0,True,True,anytime,solo|couple|friends|family,rainy|indoor|hot|night,seoul_bite|seoul_now
마포구,하늘공원,"난지도 매립지를 생태공원으로 바꾼 월드컵공원 중 가장 높은 곳에 조성된 공원이다. 넓은 억새밭과 전망대에서 서울 서북권과 한강을 조망할 수 있으며, 입구 이후에도 계단이나 맹꽁이전기차 등 추가 이동이 필요하다.",6호선 월드컵경기장역 1번 출구에서 월드컵공원·하늘공원 방향으로 약 15~20분 걸어 입구에 도착한다. 이후 계단을 오르거나 운영 시 맹꽁이전기차를 이용해 상부로 이동할 수 있다.,https://upload.wikimedia.org/wikipedia/commons/4/4d/Haneul_Park.jpg,37.5685396959502,126.886883825534,Mapo-gu,Sky Park,麻浦区,空中公园,麻浦区,空公園,Mapo-gu,parque del cielo,مابو غو,سكاي بارك,Мапо-гу,Скай Парк,nature|photo,2.5,0,False,False,morning,solo|couple|friends|family,,mountain_city
마포구,난지한강공원,"한강 북쪽 난지지구에 조성된 공원으로, 캠핑장·잔디마당·자전거길과 강변 산책로가 넓게 펼쳐진다. 지하철역에서 거리가 있어 버스나 자전거를 활용하면 편하며, 노을공원·하늘공원과 함께 월드컵공원권으로 묶기 좋다.",6호선 월드컵경기장역 1번 출구에서 난지한강공원 방면 버스로 환승하는 것이 편하다. 도보만 이용하면 거리가 긴 편이므로 서울시 대중교통 앱에서 당일 버스 노선을 확인하는 것을 권한다.,"https://staticmap.openstreetmap.de/staticmap.php?center=37.5670399093241,126.875607758973&zoom=16&size=800x500&markers=37.5670399093241,126.875607758973,red-pushpin",37.5670399093241,126.875607758973,Mapo-gu,Nanji Hangang Park,麻浦区,兰芝汉江公园,麻浦区,南智漢江公園,Mapo-gu,Parque Nanji Hangang,مابو غو,حديقة نانجي هانجانج,Мапо-гу,Парк Наньцзи Ханган,night_seoul|nature|photo,2.5,0,False,True,evening,solo|couple|friends|family,night|hot,han_river_night|slow_seoul
마포구,월드컵공원,"월드컵경기장 주변의 평화의공원·하늘공원·노을공원·난지천공원 등으로 이루어진 대규모 생태공원군이다. 과거 난지도 매립지를 복원한 공간으로, 짧게는 평화의공원 산책부터 길게는 하늘공원까지 다양한 코스를 만들 수 있다.",6호선 월드컵경기장역 1번 출구에서 약 5~10분 걸으면 평화의공원과 월드컵공원 안내센터 일대에 닿는다. 하늘공원·노을공원까지 갈 경우 추가 이동 시간을 잡아야 한다.,"https://staticmap.openstreetmap.de/staticmap.php?center=37.5631939895966,126.897635431027&zoom=16&size=800x500&markers=37.5631939895966,126.897635431027,red-pushpin",37.5631939895966,126.897635431027,Mapo-gu,World Cup Park,麻浦区,世界杯公园,麻浦区,ワールドカップ公園,Mapo-gu,Parque de la Copa del Mundo,مابو غو,حديقة كأس العالم,Мапо-гу,Парк Кубка мира,nature|photo,3.0,0,False,False,morning,solo|couple|friends|family,hot,slow_seoul
마포구,상수동 카페거리,"상수역과 홍대 사이 골목에 독립 카페·바·소규모 식당이 모여 있는 상권이다. 홍대 메인거리보다 비교적 차분한 분위기의 골목이 많아, 카페 탐방이나 저녁 식사를 중심으로 천천히 걷기 좋다.",6호선 상수역 4번 출구에서 나오면 카페·식당 골목이 바로 이어진다. 홍대·합정과 경계가 자연스럽게 연결되어 있어 골목을 따라 도보로 이동하기 쉽다.,"https://staticmap.openstreetmap.de/staticmap.php?center=37.5578523000415,126.945625246085&zoom=16&size=800x500&markers=37.5578523000415,126.945625246085,red-pushpin",37.5578523000415,126.945625246085,Mapo-gu,Sangsu-dong Cafe Street,麻浦区,上水洞咖啡街,麻浦区,上水洞カフェ通り,Mapo-gu,Calle de cafés Sangsu-dong,مابو غو,شارع مقهى سانجسو دونج,Мапо-гу,Улица кафе Сансу-дон,food|night_seoul|trendy,2.0,0,False,True,evening,solo|couple|friends,night,alley_temperature|seoul_bite
마포구,합정동 골목,합정역 주변 주거 골목에 카페·식당·서점·소규모 상점이 섞여 형성된 동네 상권이다. 메세나폴리스 같은 대형 시설과 망원·상수 쪽 골목이 가까워 취향에 따라 번화가와 조용한 골목을 오가며 둘러볼 수 있다.,2·6호선 합정역 5번 출구에서 약 3~5분 걸으면 합정동 골목 상권에 들어선다. 상수·망원 방향으로 이어지는 골목이 많아 목적 카페나 상점을 기준점으로 잡는 것이 좋다.,"https://staticmap.openstreetmap.de/staticmap.php?center=37.54956505231765,126.9127818926904&zoom=16&size=800x500&markers=37.54956505231765,126.9127818926904,red-pushpin",37.54956505231765,126.9127818926904,Mapo-gu,Hapjeong-dong alley,麻浦区,合井洞胡同,麻浦区,ハプジョンドン路地,Mapo-gu,Callejón Hapjeong-dong,مابو غو,زقاق هابجيونج دونج,Мапо-гу,Переулок Хапчжондон,food|night_seoul|trendy|shopping,2.0,0,False,True,evening,solo|couple|friends,night,alley_temperature|seoul_bite|seoul_now
마포구,망원 한강공원,"망원동에서 한강으로 바로 내려갈 수 있는 강변공원으로, 탁 트인 강 전망과 자전거길·잔디공간이 인기다. 망원시장과 도보로 연결할 수 있어 시장 먹거리를 즐긴 뒤 일몰 산책을 하기 좋은 코스다.",6호선 망원역 2번 출구에서 망원시장 방향으로 지나 한강 쪽으로 약 15~20분 걸으면 공원에 닿는다. 자전거를 이용하면 경의선숲길·난지한강공원까지 연결하기 쉽다.,https://upload.wikimedia.org/wikipedia/commons/0/06/Mangwon_Hangang_Park.png,37.5517245459018,126.900027640945,Mapo-gu,Mangwon Hangang Park,麻浦区,望远汉江公园,麻浦区,望遠漢江公園,Mapo-gu,Parque Mangwon Hangang,مابو غو,متنزه مانجوون هانجانج,Мапо-гу,Парк Мангвон Ханган,night_seoul|nature|trendy|photo,2.0,0,False,True,evening,solo|couple|friends|family,night|hot,han_river_night|slow_seoul
마포구,서울함 공원,"퇴역한 서울함과 참수리 고속정, 잠수함 등을 실제로 전시한 한강변 함정 테마공원이다. 선박 내부와 전시공간을 통해 해군 생활과 함정 구조를 체험할 수 있으며, 망원한강공원 산책과 함께 관람하기 좋다.",6호선 망원역 1번 출구에서 마포09번 버스로 환승해 '한강공원입구' 정류장에서 내린 뒤 약 7분 걷는 방법이 가장 안내가 명확하다. 2·6호선 합정역 1번 출구에서는 마포16번 버스를 이용할 수 있다.,https://upload.wikimedia.org/wikipedia/commons/7/75/PKM-285_at_Seoul_Battleship_Park.jpg,37.5531571120914,126.897898134197,Mapo-gu,Seoul Battleship Park,麻浦区,首尔战舰公园,麻浦区,ソウル艦公園,Mapo-gu,Parque del Acorazado de Seúl,مابو غو,حديقة السفن الحربية سيول,Мапо-гу,Сеульский парк линкоров,kculture|nature|photo,1.5,0,True,False,anytime,solo|couple|friends|family,rainy|indoor|hot,seoul_now|art_city|slow_seoul
성동구,서울숲,"대규모 수목과 잔디밭, 습지·산책로가 조성된 성동구의 대표 도심공원이다. 한강과 성수동 사이에 있어 피크닉·산책·자전거를 즐기기 좋고, 주변 카페거리와 함께 하루 동선을 만들기 쉽다.",수인분당선 서울숲역 3번 출구에서 약 3~5분 걸으면 공원 동쪽 입구에 닿는다. 2호선 뚝섬역에서도 도보 약 10분 정도로 접근할 수 있다.,https://upload.wikimedia.org/wikipedia/commons/7/79/Seoul_Forest_%EC%84%9C%EC%9A%B8%EC%88%B2.jpg,37.5443222301513,127.037617759165,Seongdong-gu,Seoul Forest,城东区,首尔林,城東区,ソウルの森,Seongdong-gu,Bosque de Seúl,سيونغدونغ غو,غابة سيول,Сондонгу,Сеульский лес,nature|trendy|photo,3.0,0,False,True,evening,solo|couple|friends|family,night|hot,slow_seoul
성동구,성수동 카페거리,"옛 공장과 창고를 개조한 카페·편집숍·팝업스토어가 밀집하며 서울의 대표 트렌드 상권으로 자리 잡은 지역이다. 성수역과 서울숲 사이 골목마다 분위기가 달라, 특정 매장 하나보다 동네 자체를 걸으며 발견하는 재미가 크다.",2호선 성수역 3·4번 출구에서 카페거리와 연무장길 방향으로 약 5~10분 걸으면 성수 상권 중심에 들어선다. 서울숲까지 걸을 계획이면 서쪽 방향으로 동선을 잡는 것이 좋다.,"https://staticmap.openstreetmap.de/staticmap.php?center=37.5464440372535,127.043028992489&zoom=16&size=800x500&markers=37.5464440372535,127.043028992489,red-pushpin",37.5464440372535,127.043028992489,Seongdong-gu,Seongsu-dong Cafe Street,城东区,圣水洞咖啡街,城東区,ソンスドンカフェ通り,Seongdong-gu,Calle de cafés Seongsu-dong,سيونغدونغ غو,شارع مقهى سيونجسو دونج,Сондонгу,Улица кафе Сонсу-дон,kculture|food|trendy|shopping|photo,3.0,0,False,True,evening,solo|couple|friends,night,alley_temperature|seoul_bite|seoul_now
성동구,언더스탠드에비뉴,"서울숲 인근의 컨테이너 기반 복합문화공간으로, 사회적기업·창작자·문화 프로그램을 연결하는 취지로 조성되었다. 서울숲 입구와 가까워 공원 방문 전후에 짧게 들르기 좋고, 운영 매장과 프로그램은 시기에 따라 달라질 수 있다.",수인분당선 서울숲역 3번 출구에서 약 2~3분이면 언더스탠드에비뉴에 도착한다. 서울숲 입구 바로 옆이라 공원과 함께 둘러보기 쉽다.,"https://staticmap.openstreetmap.de/staticmap.php?center=37.54347304486106,127.0441079175173&zoom=16&size=800x500&markers=37.54347304486106,127.0441079175173,red-pushpin",37.54347304486106,127.0441079175173,Seongdong-gu,Understand Avenue,城东区,了解大道,城東区,アンダースタンドアベニュー,Seongdong-gu,entender la avenida,سيونغدونغ غو,فهم الجادة,Сондонгу,Понять авеню,kculture|food|trendy|shopping|photo,1.5,0,False,True,evening,solo|couple|friends,night,seoul_bite|seoul_now|art_city
성동구,응봉산 팔각정,"한강과 중랑천 일대를 내려다볼 수 있는 낮은 산으로, 정상 팔각정은 봄 개나리와 도심 야경으로 특히 유명하다. 응봉역에서 정상까지 거리는 길지 않지만 계단과 오르막이 이어지므로 편한 신발을 권한다.","경의중앙선 응봉역 1번 출구에서 응봉산 입구까지 약 5분, 정상 팔각정까지는 계단과 오르막을 포함해 약 10~15분 더 걸린다. 야간에는 계단이 어두운 구간이 있을 수 있어 주의한다.","https://staticmap.openstreetmap.de/staticmap.php?center=37.54782031066968,127.02990867046951&zoom=16&size=800x500&markers=37.54782031066968,127.02990867046951,red-pushpin",37.54782031066968,127.02990867046952,Seongdong-gu,Eungbongsan Octagonal Pavilion,城东区,应峰山八角亭,城東区,応奉山八角亭,Seongdong-gu,Pabellón octogonal de Eungbongsan,سيونغدونغ غو,جناح Eungbongsan المثمن,Сондонгу,Восьмиугольный павильон Ынбонсан,night_seoul|nature|photo,1.5,0,False,True,evening,solo|couple|friends,night,han_river_night|mountain_city
성동구,살곶이다리,"조선시대 한양 동쪽 교통로에 놓였던 긴 석교로, 현재도 옛 돌다리의 구조를 가까이서 볼 수 있는 역사 유적이다. 중랑천·청계천 수변 산책로와 이어져 있어 한양대 일대에서 조용한 역사 산책 코스로 들르기 좋다.",2호선 한양대역 3번 출구에서 중랑천·살곶이다리 방향으로 약 10~15분 걷는다. 하천 산책로로 내려가면 다리와 주변 수변길을 함께 둘러보기 쉽다.,"https://staticmap.openstreetmap.de/staticmap.php?center=37.55301902002195,127.04672549894823&zoom=16&size=800x500&markers=37.55301902002195,127.04672549894823,red-pushpin",37.55301902002195,127.04672549894823,Seongdong-gu,Salgot Bridge,城东区,萨尔戈特桥,城東区,生きている,Seongdong-gu,Puente Salgot,سيونغدونغ غو,جسر سالجوت,Сондонгу,Салготский мост,traditional|nature|photo,1.0,0,False,False,afternoon,solo|couple|friends,hot,royal_seoul|slow_seoul
성동구,뚝섬 한강공원,"자양역 바로 앞에서 한강으로 연결되는 대형 시민공원으로, 잔디밭·자전거길·수상시설과 음악분수 등 다양한 시설이 있다. 지하철 접근성이 매우 좋아 피크닉과 일몰 감상에 편리하며, 건너편 강남 스카이라인을 보기 좋다.",7호선 자양역(구 뚝섬유원지역) 2·3번 출구로 나오면 뚝섬한강공원과 바로 연결된다. 원하는 시설에 따라 출구가 달라질 수 있어 공원 안내도를 확인하면 편하다.,https://upload.wikimedia.org/wikipedia/commons/d/dc/Ttukseom_Hangang_Park_20260416_1.jpg,37.5292974433415,127.06892112991,Seongdong-gu,Ttukseom Hangang Park,城东区,纛岛汉江公园,城東区,トゥクソム漢江公園,Seongdong-gu,Parque Ttukseom Hangang,سيونغدونغ غو,حديقة تتوكسيوم هانجانج,Сондонгу,Парк Ттуксом Ханган,night_seoul|nature|trendy|photo,2.5,0,False,True,evening,solo|couple|friends|family,night|hot,han_river_night|slow_seoul
성동구,성수연방,"1970년대 공장 건물을 재생해 상점·카페·식당을 모은 복합문화공간으로, 가운데 마당을 둘러싼 독특한 공간 구성이 특징이다. 성수동 골목 탐방 중 잠시 들르기 좋고, 입점 매장은 시기에 따라 바뀔 수 있다.",2호선 성수역 3번 출구에서 연무장길 방향으로 약 7~10분 걸으면 성수연방에 도착한다. 주변 카페거리와 도보 동선이 자연스럽게 이어진다.,"https://staticmap.openstreetmap.de/staticmap.php?center=37.54139704871741,127.05695851079544&zoom=16&size=800x500&markers=37.54139704871741,127.05695851079544,red-pushpin",37.54139704871741,127.05695851079544,Seongdong-gu,Seongsu Federation,城东区,圣水联合会,城東区,聖水連邦,Seongdong-gu,Federación Seongsu,سيونغدونغ غو,اتحاد سيونجسو,Сондонгу,Федерация Сонсу,food|trendy|shopping|photo,1.5,0,True,True,anytime,solo|couple|friends,rainy|indoor|hot|night,seoul_bite|seoul_now|art_city
서초구,반포대교 달빛무지개분수,"반포대교 양쪽에서 한강으로 물줄기를 뿜는 대형 교량 분수로, 야간 조명과 음악이 어우러지는 장면이 대표적이다. 분수는 계절·날씨·수질·행사 등에 따라 운영 일정이 달라질 수 있으므로 방문 당일 서울시 한강 관련 공지를 확인하는 것이 좋다.",3·7·9호선 고속터미널역 8-1번 출구에서 반포한강공원 방향으로 약 15~20분 걷는다. 반포대교 아래 강변에 도착한 뒤 분수 관람 구간을 찾을 수 있으며 운영 시간은 당일 확인이 필요하다.,https://upload.wikimedia.org/wikipedia/commons/0/06/%EB%B0%98%ED%8F%AC%26%EC%9E%A0%EC%88%98.jpg,37.5126219587788,126.9983938569846,Seocho-gu,Banpo Bridge Moonlight Rainbow Fountain,瑞草区,半坡桥月光彩虹喷泉,瑞草区,バンポ大橋ムーンライト虹噴水,Seocho-gu,Puente Banpo Fuente del arco iris a la luz de la luna,سوتشو غو,نافورة بانبو بريدج مون لايت قوس قزح,Сочо-гу,Мост Банпо Лунный свет Радуга Фонтан,night_seoul|nature|photo,1.5,0,False,True,evening,solo|couple|friends|family,night|hot,han_river_night|slow_seoul
서초구,세빛섬,"반포한강공원 앞 한강에 조성된 세 개의 인공섬 복합문화공간으로, 공연·전시·식음시설과 야간 조명을 즐길 수 있다. 반포대교 달빛무지개분수와 바로 붙어 있어 해질 무렵부터 한강 야경 코스로 함께 둘러보기 좋다.",3·7·9호선 고속터미널역 8-1번 출구에서 반포한강공원 방향으로 약 15~20분 이동한다. 세빛섬은 반포대교 남단 강변에 있어 달빛무지개분수와 같은 동선으로 둘러보기 좋다.,"https://staticmap.openstreetmap.de/staticmap.php?center=37.51233177478449,126.99588851601666&zoom=16&size=800x500&markers=37.51233177478449,126.99588851601666,red-pushpin",37.51233177478449,126.99588851601666,Seocho-gu,Some Sevit,瑞草区,一些塞维特,瑞草区,セライト島,Seocho-gu,Algunos sevit,سوتشو غو,بعض سيفيت,Сочо-гу,Немного Севита,night_seoul|trendy|shopping|photo,1.5,1,True,True,anytime,solo|couple|friends|family,rainy|indoor|hot|night,han_river_night|seoul_now
서초구,예술의전당,"오페라하우스·음악당·한가람미술관 등 공연·전시 시설이 모인 국내 대표 복합예술공간이다. 공연을 보지 않더라도 광장과 건축 공간을 둘러볼 수 있으며, 전시·공연 일정이 풍부해 사전에 프로그램을 확인하면 만족도가 높다.",3호선 남부터미널역 5번 출구에서 약 10~15분 걸으면 예술의전당 정문에 도착한다. 공연 시간대에는 역 인근 셔틀 운영 여부도 공식 홈페이지에서 확인할 수 있다.,https://upload.wikimedia.org/wikipedia/commons/6/64/Korea-Seoul.Arts.Center-02.jpg,37.479446101344905,127.01375358339828,Seocho-gu,Seoul Arts Center,瑞草区,首尔艺术中心,瑞草区,芸術の殿堂,Seocho-gu,Centro de Artes de Seúl,سوتشو غو,مركز سيول للفنون,Сочо-гу,Сеульский центр искусств,kculture|photo,3.0,1,True,False,anytime,solo|couple|friends|family,rainy|indoor|hot,seoul_now|art_city
서초구,양재시민의숲,"현재 공식 명칭은 '매헌시민의숲'으로, 넓은 숲과 잔디광장·산책로가 조성된 서초구의 대표 공원이다. 도심에서 비교적 조용하게 걷거나 쉬기 좋고, 윤봉길 의사 기념관과 양재천 일대도 가까워 함께 둘러볼 수 있다.",신분당선 양재시민의숲역 1번 출구에서 나오면 매헌시민의숲 북쪽 구역과 바로 연결된다. 공원이 넓으므로 윤봉길의사기념관 등 목적지에 따라 출구와 진입로를 확인한다.,https://upload.wikimedia.org/wikipedia/commons/1/1e/Yangjae_Citizens%27_Forest_-_20211002.jpg,37.4701332061395,127.038471341381,Seocho-gu,Yangjae Citizen’s Forest,瑞草区,良才市民之林,瑞草区,ヤンジェ市民の森,Seocho-gu,Bosque del ciudadano de Yangjae,سوتشو غو,غابة يانغجاي سيتيزن,Сочо-гу,Гражданский лес Яндже,nature|photo,2.0,0,False,False,morning,solo|couple|friends|family,hot,slow_seoul
서초구,몽마르뜨 공원,"서래마을 인근 언덕에 조성된 작은 공원으로, 프랑스 몽마르트르를 떠올리게 하는 이름과 조용한 산책 분위기가 특징이다. 누에다리·서리풀공원과 이어 걸을 수 있어 번화한 고속터미널 일대에서 한적한 녹지로 이동하기 좋다.",2호선 서초역 6번 출구에서 서래마을 방향으로 약 15분 오르막을 걸으면 몽마르뜨공원에 닿는다. 국립중앙도서관·누에다리와 연결해 산책하기 좋다.,"https://staticmap.openstreetmap.de/staticmap.php?center=37.4953712551069,127.003858379724&zoom=16&size=800x500&markers=37.4953712551069,127.003858379724,red-pushpin",37.4953712551069,127.003858379724,Seocho-gu,Montmartre Park,瑞草区,蒙马特公园,瑞草区,モンマルトル公園,Seocho-gu,Parque Montmartre,سوتشو غو,حديقة مونمارتر,Сочо-гу,Парк Монмартр,nature|photo,1.5,0,False,False,morning,solo|couple|friends|family,hot,slow_seoul
서초구,국립중앙도서관,"국가대표 도서관으로 국내 출판자료와 디지털 자료를 폭넓게 수집·보존하는 지식문화기관이다. 일반 방문객도 이용 가능한 전시·자료 공간과 문화행사가 있으며, 자료실 이용 조건과 휴관일은 방문 전 확인하는 것이 좋다.",2호선 서초역 6번 출구에서 약 10~15분 걸으면 국립중앙도서관 정문에 도착한다. 고속터미널역 쪽에서도 버스를 이용해 접근할 수 있다.,"https://staticmap.openstreetmap.de/staticmap.php?center=37.4974228662228,127.00322746687533&zoom=16&size=800x500&markers=37.4974228662228,127.00322746687533,red-pushpin",37.4974228662228,127.00322746687532,Seocho-gu,National Library of Korea,瑞草区,韩国国立图书馆,瑞草区,国立中央図書館,Seocho-gu,Biblioteca Nacional de Corea,سوتشو غو,المكتبة الوطنية الكورية,Сочо-гу,Национальная библиотека Кореи,kculture,1.5,0,True,False,anytime,solo|couple|friends|family,rainy|indoor|hot,seoul_now
서초구,서래마을,"프랑스인 거주자가 많아 알려진 주거·상업지역으로, 작은 카페·베이커리·레스토랑과 조용한 골목 분위기가 특징이다. 고속터미널의 대형 상권과는 분위기가 확연히 달라, 몽마르뜨공원·서리풀공원과 연계해 산책하기 좋다.",3·7·9호선 고속터미널역 5번 출구에서 반포동 주거지 방향으로 약 15~20분 걸으면 서래마을 중심 상권에 닿는다. 프랑스학교·몽마르뜨공원을 기준점으로 잡으면 찾기 쉽다.,"https://staticmap.openstreetmap.de/staticmap.php?center=37.49782745020692,126.9983150134587&zoom=16&size=800x500&markers=37.49782745020692,126.9983150134587,red-pushpin",37.49782745020692,126.9983150134587,Seocho-gu,Seorae Village,瑞草区,西来村,瑞草区,ソレ村,Seocho-gu,Pueblo Seorae,سوتشو غو,قرية سيوراي,Сочо-гу,Деревня Сорэ,food|trendy|shopping,2.0,0,False,True,evening,solo|couple|friends,night,seoul_bite|seoul_now
영등포구,여의도 한강공원,"여의나루역에서 바로 이어지는 한강공원으로, 넓은 잔디와 수변 산책로에서 한강과 도심 스카이라인을 즐길 수 있다. 봄꽃과 야외행사, 저녁 피크닉으로 특히 붐비며, 계절별 축제 기간에는 대중교통 이용이 편하다.",5호선 여의나루역 2·3번 출구로 나오면 여의도한강공원과 바로 연결된다. 축제·불꽃행사 등 대형 이벤트가 있는 날에는 역이 매우 혼잡할 수 있다.,https://upload.wikimedia.org/wikipedia/commons/5/5a/%EC%97%AC%EC%9D%98%EB%8F%84_%ED%95%9C%EA%B0%95%EA%B3%B5%EC%9B%90.jpg,37.52638860108943,126.93512931714196,Yeongdeungpo-gu,Yeouido Hangang Park,永登浦区,汝矣岛汉江公园,永登浦区,汝矣島漢江公園,Yeongdeungpo-gu,Parque Yeouido Hangang,يونجديونجبو جو,حديقة يويدو هانجانج,Ёндынпо-гу,Парк Ёидо Ханган,night_seoul|nature|photo,2.5,0,False,True,evening,solo|couple|friends|family,night|hot,han_river_night|slow_seoul
영등포구,더현대 서울,"여의도에 있는 대형 도심 백화점으로, 높은 실내 녹지공간 '사운즈 포레스트'와 현대적인 공간 디자인, 브랜드·식음 매장이 특징이다. 날씨 영향을 덜 받는 실내 관광지라 IFC몰·여의도공원과 함께 쇼핑 코스로 묶기 좋다.","5·9호선 여의도역 3번 출구에서 지하 연결통로를 따라 약 10분 이동하거나, 5호선 여의나루역 1번 출구에서 약 5~10분 걸으면 더현대 서울에 도착한다.","https://staticmap.openstreetmap.de/staticmap.php?center=37.525872071029134,126.92844612411159&zoom=16&size=800x500&markers=37.525872071029134,126.92844612411159,red-pushpin",37.525872071029134,126.9284461241116,Yeongdeungpo-gu,The Hyundai Seoul,永登浦区,现代首尔酒店,永登浦区,ザ現代ソウル,Yeongdeungpo-gu,El Hyundai Seúl,يونجديونجبو جو,هيونداي سيول,Ёндынпо-гу,Хюндай Сеул,kculture|food|trendy|shopping|photo,3.0,0,True,True,anytime,solo|couple|friends|family,rainy|indoor|hot|night,seoul_bite|seoul_now
영등포구,63스퀘어,"한강변에 우뚝 선 63층 랜드마크 빌딩으로, 금빛 외관과 여의도 스카이라인을 상징하는 건물 중 하나다. 내부 시설과 전시·식음 공간은 시기별로 운영 형태가 달라질 수 있으므로 방문 목적이 있다면 최신 운영 정보를 확인하는 것이 좋다.",5호선 여의나루역 4번 출구 인근에서 63스퀘어 방면 버스를 이용하거나 한강변을 따라 약 15~20분 걸을 수 있다. 목적 시설의 운영 여부를 확인한 뒤 방문하는 것이 좋다.,"https://upload.wikimedia.org/wikipedia/commons/5/53/Seoul,_South_Korea_%F0%9F%87%B0%F0%9F%87%B7_63_Building.jpg",37.519814891570896,126.94026158444098,Yeongdeungpo-gu,63 square,永登浦区,63平方,永登浦区,63スクエア,Yeongdeungpo-gu,63 cuadrados,يونجديونجبو جو,63 مربع,Ёндынпо-гу,63 кв.,night_seoul|shopping|photo,2.0,1,True,True,anytime,solo|couple|friends|family,rainy|indoor|hot|night,seoul_now
영등포구,여의도공원,"여의도 중심부에 길게 조성된 대형 도심공원으로, 잔디·산책로·자전거길과 계절별 식재가 잘 정비되어 있다. 더현대 서울·IFC몰·국회의사당 사이 이동 중 쉬어가기 좋고, 여의도 한강공원과도 쉽게 연계된다.",5·9호선 여의도역 3번 출구에서 약 5분 걸으면 여의도공원 동쪽 구간에 닿는다. IFC몰·더현대 서울과 모두 도보권이라 중간 휴식 동선으로 이용하기 좋다.,"https://staticmap.openstreetmap.de/staticmap.php?center=37.5261349157513,126.92234821796&zoom=16&size=800x500&markers=37.5261349157513,126.92234821796,red-pushpin",37.5261349157513,126.92234821796,Yeongdeungpo-gu,Yeouido Park,永登浦区,汝矣岛公园,永登浦区,汝矣島公園,Yeongdeungpo-gu,Parque Yeouido,يونجديونجبو جو,يويدو بارك,Ёндынпо-гу,Парк Ёидо,nature|photo,1.5,0,False,False,afternoon,solo|couple|friends|family,hot,slow_seoul
영등포구,문래 창작촌,"철공소와 공장 골목 사이에 예술가 작업실·갤러리·카페가 들어서며 독특한 문화지대로 발전한 곳이다. 화려하게 정비된 관광지보다는 산업 현장과 창작 공간이 공존하는 분위기가 핵심이므로, 작업 중인 골목에서는 통행과 안전에 유의해야 한다.",2호선 문래역 7번 출구에서 약 5~10분 걸으면 철공소와 작업실이 섞인 창작촌 골목에 들어선다. 관광 구역이 명확히 구획된 곳이 아니므로 지도에서 문래창작촌 중심 골목을 확인하고 이동한다.,"https://staticmap.openstreetmap.de/staticmap.php?center=37.51398329680753,126.89777054767478&zoom=16&size=800x500&markers=37.51398329680753,126.89777054767478,red-pushpin",37.51398329680753,126.89777054767478,Yeongdeungpo-gu,Mullae Creative Village,永登浦区,穆莱创意村,永登浦区,ムンレ創作村,Yeongdeungpo-gu,Pueblo Creativo Mullae,يونجديونجبو جو,قرية مولاي الإبداعية,Ёндынпо-гу,Творческая деревня Муллае,kculture|food|trendy|photo,2.0,0,False,True,evening,solo|couple|friends,night,alley_temperature|seoul_bite|seoul_now|art_city
영등포구,IFC몰,"여의도 국제금융지구의 대형 복합 쇼핑몰로, 지하철역과 오피스 빌딩이 지하 통로로 연결되어 있다. 쇼핑·영화·식사를 실내에서 해결하기 좋아 비나 추위가 있는 날에 편하며, 더현대 서울과도 가까워 함께 둘러보기 쉽다.",5·9호선 여의도역 3번 출구에서 IFC 연결 지하통로를 이용하면 실내로 바로 이동할 수 있다. 더현대 서울과도 지하·지상 도보로 연계 가능하다.,"https://staticmap.openstreetmap.de/staticmap.php?center=37.525041576560504,126.92589589473786&zoom=16&size=800x500&markers=37.525041576560504,126.92589589473786,red-pushpin",37.5250415765605,126.92589589473786,Yeongdeungpo-gu,IFC Mall,永登浦区,国际金融中心商场,永登浦区,IFCモール,Yeongdeungpo-gu,Centro comercial IFC,يونجديونجبو جو,آي إف سي مول,Ёндынпо-гу,МФК Молл,food|trendy|shopping,2.0,0,True,True,anytime,solo|couple|friends|family,rainy|indoor|hot|night,seoul_bite|seoul_now
영등포구,국회의사당,"대한민국 국회의 본회의장과 주요 의정시설이 있는 상징적 건축물이다. 외부에서 건물과 광장을 볼 수 있고, 내부 견학은 국회 방문자센터의 예약·출입 절차 등 최신 안내를 확인한 뒤 계획하는 것이 좋다.",9호선 국회의사당역 1번 출구에서 약 3~5분 걸으면 국회의사당 정문 일대에 닿는다. 내부 견학은 당일 자유입장이 아닌 경우가 있으므로 국회 공식 안내에서 예약·신분증 요건을 확인한다.,https://upload.wikimedia.org/wikipedia/commons/f/f0/National_Assembly_(Parliament)_Building_in_Seoul_Korea.jpg,37.53190827313679,126.91416237338858,Yeongdeungpo-gu,capitol,永登浦区,国会大厦,永登浦区,国会議事堂,Yeongdeungpo-gu,Capitolio,يونجديونجبو جو,مبنى البرلمان,Ёндынпо-гу,Капитолий,traditional|photo,1.0,0,False,False,afternoon,solo|couple|friends,,royal_seoul
영등포구,선유도공원,"옛 정수장 시설을 재생해 만든 한강의 생태공원으로, 수생식물원·온실·전망 공간과 독특한 콘크리트 구조물이 어우러진다. 선유도역에서 양화대교 방향으로 걸어 들어가며, 도심 속에서 비교적 차분한 생태·건축 산책을 즐기기 좋다.",9호선 선유도역 2번 출구에서 양화대교 방향으로 약 7~10분 걸어 선유교를 건너면 공원에 들어간다. 섬 안에는 차량 진입이 제한되는 구역이 있어 도보 관람이 기본이다.,https://upload.wikimedia.org/wikipedia/commons/f/f4/Seonyudo_Park.jpg,37.543673079231255,126.89985734444755,Yeongdeungpo-gu,Seonyudo Park,永登浦区,仙游岛公园,永登浦区,仙遊島公園,Yeongdeungpo-gu,Parque Seonyudo,يونجديونجبو جو,حديقة سينيودو,Ёндынпо-гу,Парк Сонюдо,nature|photo,2.5,0,False,False,morning,solo|couple|friends|family,hot,slow_seoul
서대문구,서대문형무소역사관,"일제강점기 독립운동가들이 수감되었던 옛 서대문형무소를 보존한 역사관이다. 감옥 건물·사형장·전시를 통해 식민지 통치와 독립운동의 역사를 구체적으로 접할 수 있어, 가볍기보다 충분한 시간을 두고 관람할 만한 장소다.",3호선 독립문역 5번 출구에서 약 3분 걸으면 서대문독립공원과 역사관 입구에 도착한다. 독립문·독립관과 한 동선으로 둘러보기 쉽다.,https://upload.wikimedia.org/wikipedia/commons/b/bd/History_Exhibition_Hall_of_the_Old_Seodaemun_Prison_(%EC%84%9C%EB%8C%80%EB%AC%B8%ED%98%95%EB%AC%B4%EC%86%8C_%EC%97%AD%EC%82%AC%EC%A0%84%EC%8B%9C%EA%B4%80).jpg,37.57460869420248,126.95561222756632,Seodaemun-gu,Seodaemun Prison History Museum,西大门区,西大门监狱历史博物馆,西大門区,西大門刑務所歴史館,Seodaemun-gu,Museo de Historia de la Prisión de Seodaemun,سيودايمون غو,متحف تاريخ سجن سيودايمون,Содэмун-гу,Музей истории тюрьмы Содэмун,traditional|kculture,2.5,0,True,False,anytime,solo|couple|friends|family,rainy|indoor|hot,royal_seoul|seoul_now
서대문구,신촌 연세로,"신촌역에서 연세대학교 앞까지 이어지는 젊은 상권의 중심거리로, 음식점·카페·공연공간과 대학가 분위기를 느낄 수 있다. 연세대학교 캠퍼스·경의선숲길·이화여대와 가까워 도보로 대학가 코스를 만들기 좋다.",2호선 신촌역 2·3번 출구로 나오면 연세로 중심 상권과 바로 이어진다. 연세대학교 정문까지 약 10분 정도 걸으며 대학가 상점을 둘러볼 수 있다.,"https://staticmap.openstreetmap.de/staticmap.php?center=37.55673777941326,126.93661730245256&zoom=16&size=800x500&markers=37.55673777941326,126.93661730245256,red-pushpin",37.55673777941326,126.93661730245256,Seodaemun-gu,Sinchon Yonsei-ro,西大门区,新村延世路,西大門区,新村延世へ,Seodaemun-gu,Sinchon Yonsei-ro,سيودايمون غو,سينتشون يونسي رو,Содэмун-гу,Синчон Ёнсей-ро,kculture|food|night_seoul|trendy|shopping,2.0,0,False,True,evening,solo|couple|friends,night,seoul_bite|seoul_now
서대문구,이화여대길,"이대역에서 이화여대 정문으로 이어지는 대학가 상권으로, 패션·뷰티·카페와 학생 대상 상점이 밀집해 있다. 캠퍼스의 ECC와 근대 건축을 함께 둘러볼 수 있어 쇼핑 중심 골목과 대학 캠퍼스의 분위기를 동시에 경험하기 좋다.",2호선 이대역 2·3번 출구에서 이화여대 정문 방향으로 약 5~10분 걸으면 이화여대길 중심 구간에 들어선다. 캠퍼스 방문 시 학교의 출입 안내를 확인한다.,"https://staticmap.openstreetmap.de/staticmap.php?center=37.56093480113354,126.94604064627511&zoom=16&size=800x500&markers=37.56093480113354,126.94604064627511,red-pushpin",37.56093480113354,126.94604064627512,Seodaemun-gu,Ewha Womans University Road,西大门区,梨花女子大学路,西大門区,梨花女子大道,Seodaemun-gu,Carretera de la Universidad de Mujeres Ewha,سيودايمون غو,طريق جامعة إيهوا للسيدات,Содэмун-гу,Дорога женского университета Ихва,kculture|food|trendy|shopping|photo,2.0,0,False,True,evening,solo|couple|friends,night,alley_temperature|seoul_bite|seoul_now
서대문구,안산 자락길,"서대문구 안산의 완만한 숲길을 따라 조성된 순환형 산책로로, 도심 가까이에서 숲과 전망을 즐길 수 있다. 상당 구간이 경사가 완만한 데크·흙길로 이어지지만 전체를 돌면 시간이 꽤 걸리므로 체력에 맞게 구간을 선택하는 것이 좋다.",3호선 독립문역 4번 출구에서 안산자락길 진입로까지 약 10~15분 걸린다. 전체 순환 대신 서대문독립공원 쪽 구간만 걷거나 무악재역 등 다른 진입점을 이용할 수도 있다.,"https://staticmap.openstreetmap.de/staticmap.php?center=37.575422861783345,126.94816634534915&zoom=16&size=800x500&markers=37.575422861783345,126.94816634534915,red-pushpin",37.57542286178335,126.94816634534916,Seodaemun-gu,Ansan Jarak-gil,西大门区,安山贾拉克路,西大門区,安山裾道,Seodaemun-gu,Ansan Jarak-gil,سيودايمون غو,أنسان جارك جيل,Содэмун-гу,Ансан Джарак-гиль,nature|photo,3.0,0,False,False,morning,solo|couple|friends|family,,mountain_city
서대문구,영천시장,"독립문과 서대문역 사이에 자리한 생활형 전통시장으로, 떡·과일·반찬·분식 등 동네 먹거리와 식재료를 만날 수 있다. 서대문형무소역사관 방문 전후에 들르기 좋고, 관광시장보다 일상적인 서울 시장의 분위기를 느끼기 좋다.",3호선 독립문역 4번 출구에서 약 3~5분 걸으면 영천시장 입구에 도착한다. 서대문형무소역사관과 매우 가까워 같은 일정으로 묶기 쉽다.,"https://staticmap.openstreetmap.de/staticmap.php?center=37.57047777921318,126.96113978037704&zoom=16&size=800x500&markers=37.57047777921318,126.96113978037704,red-pushpin",37.57047777921318,126.96113978037704,Seodaemun-gu,Yeongcheon Market,西大门区,永川市场,西大門区,永川市場,Seodaemun-gu,Mercado Yeongcheon,سيودايمون غو,سوق يونج تشون,Содэмун-гу,Рынок Ёнчхон,food|shopping|traditional,1.5,0,True,False,anytime,solo|couple|friends|family,rainy|indoor|hot,royal_seoul|seoul_bite
광진구,서울어린이대공원,"동물원·식물원·놀이시설·넓은 녹지가 함께 있는 서울 동부의 대형 가족공원이다. 입장 후 동선이 넓어 어린이와 함께라면 보고 싶은 구역을 미리 정하는 편이 좋고, 계절별 꽃길과 산책만 즐겨도 충분하다.",7호선 어린이대공원역 1번 출구에서 정문까지 바로 연결된다. 공원이 넓어 동물원·식물원 등 목적 시설 위치를 입구 안내도에서 먼저 확인하는 편이 좋다.,https://upload.wikimedia.org/wikipedia/commons/b/b3/Seoul_Childrens_Grand_Park_Main_Gate.jpg,37.55147044344215,127.08378909469192,Gwangjin-gu,Seoul Children's Grand Park,广津区,首尔儿童大公园,光津区,ソウル子供大公園,Gwangjin-gu,Gran Parque Infantil de Seúl,جوانججين غو,حديقة سيول للأطفال الكبرى,Кванджин-гу,Большой детский парк Сеула,nature|photo,4.0,0,False,False,morning,solo|couple|friends|family,hot,slow_seoul
광진구,건대 맛의거리,"건대입구역 주변 골목에 고깃집·주점·분식·다국적 음식점이 밀집한 활기찬 대학가 먹거리 상권이다. 저녁과 주말에는 특히 붐비며, 커먼그라운드·성수동과 가까워 쇼핑과 식사를 한 동선으로 묶기 좋다.",2·7호선 건대입구역 2번 출구에서 나오면 맛의거리와 대학가 상권이 바로 시작된다. 저녁에는 보행 인파가 많아 골목 이동 시 주의한다.,"https://staticmap.openstreetmap.de/staticmap.php?center=37.5406780333481,127.070361832869&zoom=16&size=800x500&markers=37.5406780333481,127.070361832869,red-pushpin",37.5406780333481,127.070361832869,Gwangjin-gu,Konkuk University Taste Street,广津区,建国大学美食街,光津区,コンデ味の距離,Gwangjin-gu,Calle del gusto de la Universidad de Konkuk,جوانججين غو,شارع الذوق بجامعة كونكوك,Кванджин-гу,Улица вкуса Университета Конкук,food|night_seoul|trendy,2.0,0,False,True,evening,solo|couple|friends,night,seoul_bite
광진구,아차산,"서울 동쪽에서 접근이 쉬운 산으로, 정상과 능선에서 한강·잠실·도심 동쪽의 탁 트인 전망을 볼 수 있다. 비교적 짧은 등산 코스가 많지만 암반과 오르막 구간이 있으므로 운동화와 물을 준비하는 것이 좋다.",5호선 아차산역 2번 출구에서 아차산 등산로 입구까지 약 15~20분 걸린다. 등산로가 여러 갈래이므로 '아차산 생태공원/만남의광장' 등 원하는 출발점을 지도에서 확인한다.,"https://staticmap.openstreetmap.de/staticmap.php?center=37.56684449678786,127.10274196113546&zoom=16&size=800x500&markers=37.56684449678786,127.10274196113546,red-pushpin",37.56684449678786,127.10274196113546,Gwangjin-gu,Achasan Mountain,广津区,峨嵯山,光津区,アチャサン,Gwangjin-gu,Montaña Achasán,جوانججين غو,جبل أشسان,Кванджин-гу,Гора Ачасан,nature|photo,3.0,0,False,False,morning,solo|couple|friends|family,,mountain_city
광진구,커먼그라운드,"대형 컨테이너를 활용해 만든 쇼핑·문화공간으로, 패션·라이프스타일 매장과 식음 공간이 독특한 외관 안에 모여 있다. 건대입구역에서 가깝고 사진 찍기 좋은 구조라 건대 상권을 둘러볼 때 짧게 들르기 좋다.",2·7호선 건대입구역 6번 출구에서 약 3분 걸으면 커먼그라운드에 도착한다. 건대 맛의거리와 길 하나를 사이에 두고 있어 함께 둘러보기 쉽다.,"https://staticmap.openstreetmap.de/staticmap.php?center=37.54105555235208,127.0656686600397&zoom=16&size=800x500&markers=37.54105555235208,127.0656686600397,red-pushpin",37.54105555235208,127.0656686600397,Gwangjin-gu,common ground,广津区,共同点,光津区,コモングラウンド,Gwangjin-gu,terreno común,جوانججين غو,أرضية مشتركة,Кванджин-гу,точки соприкосновения,kculture|food|trendy|shopping|photo,1.5,0,True,True,anytime,solo|couple|friends|family,rainy|indoor|hot|night,seoul_bite|seoul_now|art_city
광진구,뚝섬유원지,"현재 역명은 자양역(구 뚝섬유원지역)으로, 역에서 바로 연결되는 뚝섬한강공원 일대를 가리킨다. 한강 산책·피크닉·자전거와 수변 레저를 즐기기 좋고, 여름철과 주말에는 이용객이 많다.",7호선 자양역(구 뚝섬유원지역) 2·3번 출구에서 뚝섬한강공원으로 바로 진입할 수 있다. 강변 시설에 따라 출구가 달라질 수 있으므로 공원 안내도를 참고한다.,"https://staticmap.openstreetmap.de/staticmap.php?center=37.5292974433415,127.06892112991&zoom=16&size=800x500&markers=37.5292974433415,127.06892112991,red-pushpin",37.5292974433415,127.06892112991,Gwangjin-gu,Ttukseom Resort,广津区,纛岛度假村,光津区,トゥクソム遊園地,Gwangjin-gu,Resort Ttukseom,جوانججين غو,منتجع تتوكسيوم,Кванджин-гу,Курорт Ттуксом,night_seoul|nature|trendy|photo,2.5,0,False,True,evening,solo|couple|friends|family,night|hot,han_river_night|slow_seoul
동작구,노량진수산시장,"수산물 경매와 도소매 상가, 식당이 함께 있는 서울의 대표 수산시장이다. 판매점에서 해산물을 구입한 뒤 연계 식당에서 먹는 방식이 일반적이며, 가격·상차림 비용·영업시간은 점포마다 다르므로 주문 전에 확인하는 것이 좋다.",1·9호선 노량진역 7번 출구에서 연결 보행통로를 이용해 약 3~5분 이동하면 수산시장에 도착한다. 시장 내부가 넓으므로 원하는 판매동·식당층 표지를 확인한다.,"https://staticmap.openstreetmap.de/staticmap.php?center=37.514766187527776,126.93777601640095&zoom=16&size=800x500&markers=37.514766187527776,126.93777601640095,red-pushpin",37.514766187527776,126.93777601640096,Dongjak-gu,Noryangjin Fish Market,铜雀区,鹭梁津水产市场,動作区,ノリャンジン水産市場,Dongjak-gu,Mercado de pescado de Noryangjin,دونججاك غو,سوق نوريانجين للأسماك,Тонджак-гу,Рыбный рынок Норянчжин,food|shopping|traditional,2.0,0,True,True,anytime,solo|couple|friends|family,rainy|indoor|hot|night,royal_seoul|seoul_bite
동작구,보라매공원,"옛 공군사관학교 터를 공원으로 조성한 대형 녹지로, 넓은 잔디와 연못·산책로·운동시설이 잘 갖춰져 있다. 지역 주민의 일상 휴식공간 성격이 강하며, 신림선 개통으로 지하철 접근성이 좋아졌다.",신림선 보라매공원역 2번 출구에서 약 3~5분 걸으면 공원에 들어선다. 2호선 신대방역이나 7호선 보라매역에서 버스를 이용하는 방법도 있다.,"https://staticmap.openstreetmap.de/staticmap.php?center=37.49328307697023,126.92051756183096&zoom=16&size=800x500&markers=37.49328307697023,126.92051756183096,red-pushpin",37.49328307697023,126.92051756183096,Dongjak-gu,Boramae Park,铜雀区,波拉美公园,動作区,ボラメ公園,Dongjak-gu,Parque Boramae,دونججاك غو,حديقة بوراماي,Тонджак-гу,Парк Борамаэ,nature|photo,2.0,0,False,False,morning,solo|couple|friends|family,hot,slow_seoul
동작구,사육신공원,"조선 세조 때 단종 복위를 도모하다 희생된 사육신을 기리는 역사공원으로, 묘역과 사당·기념시설이 자리한다. 한강과 노량진 일대를 내려다볼 수 있는 구간도 있어 역사 탐방과 짧은 산책을 함께하기 좋다.",1·9호선 노량진역 8번 출구에서 약 10분 걸으면 사육신공원 입구에 닿는다. 노들역에서도 접근할 수 있어 한강·노들섬 일정과 연결할 때는 출발 위치에 맞춰 선택하면 된다.,"https://staticmap.openstreetmap.de/staticmap.php?center=37.5140792161189,126.94812736041355&zoom=16&size=800x500&markers=37.5140792161189,126.94812736041355,red-pushpin",37.5140792161189,126.94812736041357,Dongjak-gu,Sayukshin Park,铜雀区,Sayukshin公园,動作区,飼育神公園,Dongjak-gu,Parque Sayukshin,دونججاك غو,حديقة سايوكشين,Тонджак-гу,Парк Саюкшина,traditional|nature|photo,1.5,0,False,False,morning,solo|couple|friends|family,hot,royal_seoul|slow_seoul
관악구,샤로수길,"서울대입구역 인근 골목에 다양한 음식점·카페·술집이 모이며 형성된 대학가 상권이다. 이름은 서울대의 상징인 '샤'에서 따온 별칭으로, 비교적 짧은 거리 안에 개성 있는 소규모 매장이 많아 식도락 중심으로 둘러보기 좋다.",2호선 서울대입구역 2번 출구에서 관악로 골목으로 약 3~5분 걸으면 샤로수길 상권이 시작된다. 골목이 여러 갈래로 퍼져 있어 목적 식당을 미리 정하면 동선이 효율적이다.,"https://staticmap.openstreetmap.de/staticmap.php?center=37.4785646095049,126.955677012972&zoom=16&size=800x500&markers=37.4785646095049,126.955677012972,red-pushpin",37.4785646095049,126.955677012972,Gwanak-gu,Sharosu-gil,冠岳区,沙鲁苏路,冠岳区,シャロスギル,Gwanak-gu,sharosu-gil,جواناك غو,شاروسو جيل,Кванак-гу,Шаросу-гиль,food|night_seoul|trendy,2.0,0,False,True,evening,solo|couple|friends,night,alley_temperature|seoul_bite
관악구,낙성대공원,"고려의 명장 강감찬 장군의 탄생지로 전해지는 낙성대 일대에 조성된 역사공원이다. 안국사와 강감찬 동상·기념공간을 둘러볼 수 있으며, 관악산 둘레길과 가까워 가벼운 산책 코스로 연결하기 좋다.",2호선 낙성대역 4번 출구에서 약 10~15분 걸으면 낙성대공원에 도착한다. 역 앞에서 관악구 마을버스를 이용하면 걷는 시간을 줄일 수 있다.,"https://staticmap.openstreetmap.de/staticmap.php?center=37.471296925982,126.960361423801&zoom=16&size=800x500&markers=37.471296925982,126.960361423801,red-pushpin",37.471296925982,126.960361423801,Gwanak-gu,Nakseongdae Park,冠岳区,洛城台公园,冠岳区,ナクソン大公園,Gwanak-gu,Parque Nakseongdae,جواناك غو,حديقة ناكسونغداي,Кванак-гу,Парк Наксондэ,traditional|nature|photo,1.5,0,False,False,morning,solo|couple|friends|family,hot,royal_seoul|slow_seoul
관악구,서울시립미술관 남서울관,"대한제국기 벨기에 영사관으로 사용된 근대건축물을 활용한 서울시립미술관 분관이다. 건물 자체가 역사적 볼거리이며 현대미술 전시를 함께 관람할 수 있고, 사당역에서 매우 가까워 접근성이 좋다.","2·4호선 사당역 6번 출구에서 도보 약 1분이면 서울시립 남서울미술관에 도착한다. 4호선 이용 시 4번 출구에서도 도보 약 3분 거리이며, 별도 주차장이 없어 대중교통이 편하다.",https://mediahub.seoul.go.kr/uploads/mediahub/2024/06/nTJFOYODqdfwZgOOnDMFKqLaTWvEZpKN.jpg,,,Gwanak-gu,"Seoul Museum of Art, Namseoul Branch",冠岳区,首尔市立美术馆南首尔分馆,冠岳区,ソウル市立美術館南ソウル館,Gwanak-gu,"Museo de Arte de Seúl, sucursal de Namseoul",جواناك غو,متحف سيول للفنون، فرع نامسيول,Кванак-гу,"Сеульский художественный музей, филиал в Намсеуле",kculture|trendy|photo,1.5,0,True,False,anytime,solo|couple|friends,rainy|indoor|hot,seoul_now|art_city
